Country,AFG,AGO,ALB,AND,ARE,ARG,ARM,ATG,AUS,AUT,AZE,BDI,BEL,BEN,BFA,BGD,BGR,BHR,BHS,BIH,BLR,BLZ,BOL,BRA,BRB,BRN,BTN,BWA,CAF,CAN,CHE,CHL,CHN,CIV,CMR,COD,COG,COL,COM,CPV,CRI,CUB,CYP,CZE,DEU,DJI,DMA,DNK,DOM,DZA,ECU,EGY,ERI,ESP,EST,ETH,FIN,FJI,FRA,FSM,GAB,GBR,GEO,GHA,GIN,GMB,GNB,GNQ,GRC,GRD,GTM,GUY,HKG,HND,HRV,HTI,HUN,IDN,IND,IRL,IRN,IRQ,ISL,ISR,ITA,JAM,JOR,JPN,KAZ,KEN,KGZ,KHM,KIR,KNA,KOR,KWT,LAO,LBN,LBR,LBY,LCA,LIE,LKA,LSO,LTU,LUX,LVA,MAR,MCO,MDA,MDG,MDV,MEX,MHL,MKD,MLI,MLT,MMR,MNE,MNG,MOZ,MRT,MUS,MWI,MYS,NAM,NER,NGA,NIC,NLD,NOR,NPL,NRU,NZL,OMN,PAK,PAN,PER,PHL,PLW,PNG,POL,PRK,PRT,PRY,PSE,QAT,ROU,RUS,RWA,SAU,SDN,SEN,SGP,SLB,SLE,SLV,SMR,SOM,SRB,SSD,STP,SUR,SVK,SVN,SWE,SWZ,SYC,SYR,TCD,TGO,THA,TJK,TKM,TLS,TON,TTO,TUN,TUR,TUV,TZA,UGA,UKR,URY,USA,UZB,VCT,VEN,VNM,VUT,WSM,YEM,ZAF,ZMB,ZWE
AFG,5,3,5,3,5,5,5,2,5,5,5,5,5,5,3,5,5,5,3,2,5,5,5,5,5,5,3,5,5,5,5,5,5,5,5,5,5,5,3,2,5,5,5,5,5,5,3,5,5,5,5,5,3,5,5,3,5,5,5,2,5,5,3,5,5,5,3,2,5,3,5,5,5,5,5,5,5,5,5,5,5,5,5,5,5,5,5,5,5,5,5,5,3,3,5,5,5,3,3,5,3,3,5,5,5,5,5,5,0,5,3,5,5,0,3,5,5,5,2,5,5,5,5,5,5,5,5,3,5,5,5,5,0,5,3,5,5,5,5,3,5,5,2,5,5,3,5,5,5,5,5,5,5,5,3,5,5,0,2,5,2,5,3,5,5,5,5,3,5,3,5,5,5,2,2,5,5,5,5,2,5,5,5,5,5,3,3,5,5,2,5,5,5,5,5
AGO,3,5,5,5,5,5,5,4,5,5,5,5,5,5,5,5,5,5,5,4,5,5,5,5,5,5,5,5,5,5,5,5,5,5,5,5,5,5,5,4,5,5,5,5,5,5,5,5,5,5,5,5,5,5,5,5,5,5,5,4,5,5,5,5,5,5,5,4,5,5,5,5,5,5,5,5,5,5,5,5,5,5,5,5,5,5,5,5,5,5,5,5,5,5,5,5,5,5,4,5,5,4,5,5,5,5,5,5,0,5,5,5,5,2,5,5,5,5,4,5,5,5,5,5,5,5,5,5,5,5,5,5,0,5,5,5,5,5,5,4,5,5,2,5,5,5,5,5,5,5,5,5,5,5,5,5,5,0,2,5,2,5,5,5,5,5,5,5,5,5,5,5,5,4,4,5,5,5,5,4,5,5,5,5,5,5,5,5,5,4,5,5,5,5,5
ALB,5,5,8,5,8,8,8,4,8,8,8,8,8,8,5,8,8,8,5,4,8,8,8,8,8,8,5,8,8,8,8,8,8,8,8,8,8,8,5,4,8,8,8,8,8,8,5,8,8,8,8,8,5,8,8,5,8,8,8,4,8,8,5,8,8,8,5,4,8,5,8,8,8,8,8,8,8,8,8,8,8,8,8,8,8,8,8,8,8,8,8,8,5,5,8,8,8,5,5,8,5,5,8,8,8,8,8,8,0,8,5,8,8,2,5,8,8,8,4,8,8,8,8,8,8,8,8,5,8,8,8,8,0,8,5,8,8,8,8,5,8,8,2,8,8,5,8,8,8,8,8,8,8,8,5,8,8,0,2,8,2,8,5,8,8,8,8,5,8,5,8,8,8,4,4,8,8,8,8,4,8,8,8,8,8,5,5,8,8,4,8,8,8,8,8
AND,3,5,5,5,5,5,5,4,5,5,5,5,5,5,5,5,5,5,5,4,5,5,5,5,5,5,5,5,5,5,5,5,5,5,5,5,5,5,5,4,5,5,5,5,5,5,5,5,5,5,5,5,5,5,5,5,5,5,5,4,5,5,5,5,5,5,5,4,5,5,5,5,5,5,5,5,5,5,5,5,5,5,5,5,5,5,5,5,5,5,5,5,5,5,5,5,5,5,4,5,5,4,5,5,5,5,5,5,0,5,5,5,5,2,5,5,5,5,4,5,5,5,5,5,5,5,5,5,5,5,5,5,0,5,5,5,5,5,5,4,5,5,2,5,5,5,5,5,5,5,5,5,5,5,5,5,5,0,2,5,2,5,5,5,5,5,5,5,5,5,5,5,5,4,4,5,5,5,5,4,5,5,5,5,5,5,5,5,5,4,5,5,5,5,5
ARE,5,5,8,5,8,8,8,4,8,8,8,8,8,8,5,8,8,8,5,4,8,8,8,8,8,8,5,8,8,8,8,8,8,8,8,8,8,8,5,4,8,8,8,8,8,8,5,8,8,8,8,8,5,8,8,5,8,8,8,4,8,8,5,8,8,8,5,4,8,5,8,8,8,8,8,8,8,8,8,8,8,8,8,8,8,8,8,8,8,8,8,8,5,5,8,8,8,5,5,8,5,5,8,8,8,8,8,8,0,8,5,8,8,2,5,8,8,8,4,8,8,8,8,8,8,8,8,5,8,8,8,8,0,8,5,8,8,8,8,5,8,8,2,8,8,5,8,8,8,8,8,8,8,8,5,8,8,0,2,8,2,8,5,8,8,8,8,5,8,5,8,8,8,4,4,8,8,8,8,4,8,8,8,8,8,5,5,8,8,4,8,8,8,8,8
ARG,5,5,8,5,8,8,8,4,8,8,8,8,8,8,5,8,8,8,5,4,8,8,8,8,8,8,5,8,8,8,8,8,8,8,8,8,8,8,5,4,8,8,8,8,8,8,5,8,8,8,8,8,5,8,8,5,8,8,8,4,8,8,5,8,8,8,5,4,8,5,8,8,8,8,8,8,8,8,8,8,8,8,8,8,8,8,8,8,8,8,8,8,5,5,8,8,8,5,5,8,5,5,8,8,8,8,8,8,0,8,5,8,8,2,5,8,8,8,4,8,8,8,8,8,8,8,8,5,8,8,8,8,0,8,5,8,8,8,8,5,8,8,2,8,8,5,8,8,8,8,8,8,8,8,5,8,8,0,2,8,2,8,5,8,8,8,8,5,8,5,8,8,8,4,4,8,8,8,8,4,8,8,8,8,8,5,5,8,8,4,8,8,8,8,8
ARM,5,5,8,5,8,8,8,4,8,8,8,8,8,8,5,8,8,8,5,4,8,8,8,8,8,8,5,8,8,8,8,8,8,8,8,8,8,8,5,4,8,8,8,8,8,8,5,8,8,8,8,8,5,8,8,5,8,8,8,4,8,8,5,8,8,8,5,4,8,5,8,8,8,8,8,8,8,8,8,8,8,8,8,8,8,8,8,8,8,8,8,8,5,5,8,8,8,5,5,8,5,5,8,8,8,8,8,8,0,8,5,8,8,2,5,8,8,8,4,8,8,8,8,8,8,8,8,5,8,8,8,8,0,8,5,8,8,8,8,5,8,8,2,8,8,5,8,8,8,8,8,8,8,8,5,8,8,0,2,8,2,8,5,8,8,8,8,5,8,5,8,8,8,4,4,8,8,8,8,4,8,8,8,8,8,5,5,8,8,4,8,8,8,8,8
ATG,2,4,4,4,4,4,4,4,4,4,4,4,4,4,4,4,4,4,4,4,4,4,4,4,4,4,4,4,4,4,4,4,4,4,4,4,4,4,4,4,4,4,4,4,4,4,4,4,4,4,4,4,4,4,4,4,4,4,4,4,4,4,4,4,4,4,4,4,4,4,4,4,4,4,4,4,4,4,4,4,4,4,4,4,4,4,4,4,4,4,4,4,4,4,4,4,4,4,4,4,4,4,4,4,4,4,4,4,0,4,4,4,4,2,4,4,4,4,4,4,4,4,4,4,4,4,4,4,4,4,4,4,0,4,4,4,4,4,4,4,4,4,2,4,4,4,4,4,4,4,4,4,4,4,4,4,4,0,2,4,2,4,4,4,4,4,4,4,4,4,4,4,4,4,4,4,4,4,4,4,4,4,4,4,4,4,4,4,4,4,4,4,4,4,4
AUS,5,5,8,5,8,8,8,4,8,8,8,8,8,8,5,8,8,8,5,4,8,8,8,8,8,8,5,8,8,8,8,8,8,8,8,8,8,8,5,4,8,8,8,8,8,8,5,8,8,8,8,8,5,8,8,5,8,8,8,4,8,8,5,8,8,8,5,4,8,5,8,8,8,8,8,8,8,8,8,8,8,8,8,8,8,8,8,8,8,8,8,8,5,5,8,8,8,5,5,8,5,5,8,8,8,8,8,8,0,8,5,8,8,2,5,8,8,8,4,8,8,8,8,8,8,8,8,5,8,8,8,8,0,8,5,8,8,8,8,5,8,8,2,8,8,5,8,8,8,8,8,8,8,8,5,8,8,0,2,8,2,8,5,8,8,8,8,5,8,5,8,8,8,4,4,8,8,8,8,4,8,8,8,8,8,5,5,8,8,4,8,8,8,8,8
AUT,5,5,8,5,8,8,8,4,8,8,8,8,8,8,5,8,8,8,5,4,8,8,8,8,8,8,5,8,8,8,8,8,8,8,8,8,8,8,5,4,8,8,8,8,8,8,5,8,8,8,8,8,5,8,8,5,8,8,8,4,8,8,5,8,8,8,5,4,8,5,8,8,8,8,8,8,8,8,8,8,8,8,8,8,8,8,8,8,8,8,8,8,5,5,8,8,8,5,5,8,5,5,8,8,8,8,8,8,0,8,5,8,8,2,5,8,8,8,4,8,8,8,8,8,8,8,8,5,8,8,8,8,0,8,5,8,8,8,8,5,8,8,2,8,8,5,8,8,8,8,8,8,8,8,5,8,8,0,2,8,2,8,5,8,8,8,8,5,8,5,8,8,8,4,4,8,8,8,8,4,8,8,8,8,8,5,5,8,8,4,8,8,8,8,8
AZE,5,5,8,5,8,8,8,4,8,8,8,8,8,8,5,8,8,8,5,4,8,8,8,8,8,8,5,8,8,8,8,8,8,8,8,8,8,8,5,4,8,8,8,8,8,8,5,8,8,8,8,8,5,8,8,5,8,8,8,4,8,8,5,8,8,8,5,4,8,5,8,8,8,8,8,8,8,8,8,8,8,8,8,8,8,8,8,8,8,8,8,8,5,5,8,8,8,5,5,8,5,5,8,8,8,8,8,8,0,8,5,8,8,2,5,8,8,8,4,8,8,8,8,8,8,8,8,5,8,8,8,8,0,8,5,8,8,8,8,5,8,8,2,8,8,5,8,8,8,8,8,8,8,8,5,8,8,0,2,8,2,8,5,8,8,8,8,5,8,5,8,8,8,4,4,8,8,8,8,4,8,8,8,8,8,5,5,8,8,4,8,8,8,8,8
BDI,5,5,8,5,8,8,8,4,8,8,8,8,8,8,5,8,8,8,5,4,8,8,8,8,8,8,5,8,8,8,8,8,8,8,8,8,8,8,5,4,8,8,8,8,8,8,5,8,8,8,8,8,5,8,8,5,8,8,8,4,8,8,5,8,8,8,5,4,8,5,8,8,8,8,8,8,8,8,8,8,8,8,8,8,8,8,8,8,8,8,8,8,5,5,8,8,8,5,5,8,5,5,8,8,8,8,8,8,0,8,5,8,8,2,5,8,8,8,4,8,8,8,8,8,8,8,8,5,8,8,8,8,0,8,5,8,8,8,8,5,8,8,2,8,8,5,8,8,8,8,8,8,8,8,5,8,8,0,2,8,2,8,5,8,8,8,8,5,8,5,8,8,8,4,4,8,8,8,8,4,8,8,8,8,8,5,5,8,8,4,8,8,8,8,8
BEL,5,5,8,5,8,8,8,4,8,8,8,8,8,8,5,8,8,8,5,4,8,8,8,8,8,8,5,8,8,8,8,8,8,8,8,8,8,8,5,4,8,8,8,8,8,8,5,8,8,8,8,8,5,8,8,5,8,8,8,4,8,8,5,8,8,8,5,4,8,5,8,8,8,8,8,8,8,8,8,8,8,8,8,8,8,8,8,8,8,8,8,8,5,5,8,8,8,5,5,8,5,5,8,8,8,8,8,8,0,8,5,8,8,2,5,8,8,8,4,8,8,8,8,8,8,8,8,5,8,8,8,8,0,8,5,8,8,8,8,5,8,8,2,8,8,5,8,8,8,8,8,8,8,8,5,8,8,0,2,8,2,8,5,8,8,8,8,5,8,5,8,8,8,4,4,8,8,8,8,4,8,8,8,8,8,5,5,8,8,4,8,8,8,8,8
BEN,5,5,8,5,8,8,8,4,8,8,8,8,8,8,5,8,8,8,5,4,8,8,8,8,8,8,5,8,8,8,8,8,8,8,8,8,8,8,5,4,8,8,8,8,8,8,5,8,8,8,8,8,5,8,8,5,8,8,8,4,8,8,5,8,8,8,5,4,8,5,8,8,8,8,8,8,8,8,8,8,8,8,8,8,8,8,8,8,8,8,8,8,5,5,8,8,8,5,5,8,5,5,8,8,8,8,8,8,0,8,5,8,8,2,5,8,8,8,4,8,8,8,8,8,8,8,8,5,8,8,8,8,0,8,5,8,8,8,8,5,8,8,2,8,8,5,8,8,8,8,8,8,8,8,5,8,8,0,2,8,2,8,5,8,8,8,8,5,8,5,8,8,8,4,4,8,8,8,8,4,8,8,8,8,8,5,5,8,8,4,8,8,8,8,8
BFA,3,5,5,5,5,5,5,4,5,5,5,5,5,5,5,5,5,5,5,4,5,5,5,5,5,5,5,5,5,5,5,5,5,5,5,5,5,5,5,4,5,5,5,5,5,5,5,5,5,5,5,5,5,5,5,5,5,5,5,4,5,5,5,5,5,5,5,4,5,5,5,5,5,5,5,5,5,5,5,5,5,5,5,5,5,5,5,5,5,5,5,5,5,5,5,5,5,5,4,5,5,4,5,5,5,5,5,5,0,5,5,5,5,2,5,5,5,5,4,5,5,5,5,5,5,5,5,5,5,5,5,5,0,5,5,5,5,5,5,4,5,5,2,5,5,5,5,5,5,5,5,5,5,5,5,5,5,0,2,5,2,5,5,5,5,5,5,5,5,5,5,5,5,4,4,5,5,5,5,4,5,5,5,5,5,5,5,5,5,4,5,5,5,5,5
BGD,5,5,8,5,8,8,8,4,8,8,8,8,8,8,5,8,8,8,5,4,8,8,8,8,8,8,5,8,8,8,8,8,8,8,8,8,8,8,5,4,8,8,8,8,8,8,5,8,8,8,8,8,5,8,8,5,8,8,8,4,8,8,5,8,8,8,5,4,8,5,8,8,8,8,8,8,8,8,8,8,8,8,8,8,8,8,8,8,8,8,8,8,5,5,8,8,8,5,5,8,5,5,8,8,8,8,8,8,0,8,5,8,8,2,5,8,8,8,4,8,8,8,8,8,8,8,8,5,8,8,8,8,0,8,5,8,8,8,8,5,8,8,2,8,8,5,8,8,8,8,8,8,8,8,5,8,8,0,2,8,2,8,5,8,8,8,8,5,8,5,8,8,8,4,4,8,8,8,8,4,8,8,8,8,8,5,5,8,8,4,8,8,8,8,8
BGR,5,5,8,5,8,8,8,4,8,8,8,8,8,8,5,8,8,8,5,4,8,8,8,8,8,8,5,8,8,8,8,8,8,8,8,8,8,8,5,4,8,8,8,8,8,8,5,8,8,8,8,8,5,8,8,5,8,8,8,4,8,8,5,8,8,8,5,4,8,5,8,8,8,8,8,8,8,8,8,8,8,8,8,8,8,8,8,8,8,8,8,8,5,5,8,8,8,5,5,8,5,5,8,8,8,8,8,8,0,8,5,8,8,2,5,8,8,8,4,8,8,8,8,8,8,8,8,5,8,8,8,8,0,8,5,8,8,8,8,5,8,8,2,8,8,5,8,8,8,8,8,8,8,8,5,8,8,0,2,8,2,8,5,8,8,8,8,5,8,5,8,8,8,4,4,8,8,8,8,4,8,8,8,8,8,5,5,8,8,4,8,8,8,8,8
BHR,5,5,8,5,8,8,8,4,8,8,8,8,8,8,5,8,8,8,5,4,8,8,8,8,8,8,5,8,8,8,8,8,8,8,8,8,8,8,5,4,8,8,8,8,8,8,5,8,8,8,8,8,5,8,8,5,8,8,8,4,8,8,5,8,8,8,5,4,8,5,8,8,8,8,8,8,8,8,8,8,8,8,8,8,8,8,8,8,8,8,8,8,5,5,8,8,8,5,5,8,5,5,8,8,8,8,8,8,0,8,5,8,8,2,5,8,8,8,4,8,8,8,8,8,8,8,8,5,8,8,8,8,0,8,5,8,8,8,8,5,8,8,2,8,8,5,8,8,8,8,8,8,8,8,5,8,8,0,2,8,2,8,5,8,8,8,8,5,8,5,8,8,8,4,4,8,8,8,8,4,8,8,8,8,8,5,5,8,8,4,8,8,8,8,8
BHS,3,5,5,5,5,5,5,4,5,5,5,5,5,5,5,5,5,5,5,4,5,5,5,5,5,5,5,5,5,5,5,5,5,5,5,5,5,5,5,4,5,5,5,5,5,5,5,5,5,5,5,5,5,5,5,5,5,5,5,4,5,5,5,5,5,5,5,4,5,5,5,5,5,5,5,5,5,5,5,5,5,5,5,5,5,5,5,5,5,5,5,5,5,5,5,5,5,5,4,5,5,4,5,5,5,5,5,5,0,5,5,5,5,2,5,5,5,5,4,5,5,5,5,5,5,5,5,5,5,5,5,5,0,5,5,5,5,5,5,4,5,5,2,5,5,5,5,5,5,5,5,5,5,5,5,5,5,0,2,5,2,5,5,5,5,5,5,5,5,5,5,5,5,4,4,5,5,5,5,4,5,5,5,5,5,5,5,5,5,4,5,5,5,5,5
BIH,2,4,4,4,4,4,4,4,4,4,4,4,4,4,4,4,4,4,4,4,4,4,4,4,4,4,4,4,4,4,4,4,4,4,4,4,4,4,4,4,4,4,4,4,4,4,4,4,4,4,4,4,4,4,4,4,4,4,4,4,4,4,4,4,4,4,4,4,4,4,4,4,4,4,4,4,4,4,4,4,4,4,4,4,4,4,4,4,4,4,4,4,4,4,4,4,4,4,4,4,4,4,4,4,4,4,4,4,0,4,4,4,4,2,4,4,4,4,4,4,4,4,4,4,4,4,4,4,4,4,4,4,0,4,4,4,4,4,4,4,4,4,2,4,4,4,4,4,4,4,4,4,4,4,4,4,4,0,2,4,2,4,4,4,4,4,4,4,4,4,4,4,4,4,4,4,4,4,4,4,4,4,4,4,4,4,4,4,4,4,4,4,4,4,4
BLR,5,5,8,5,8,8,8,4,8,8,8,8,8,8,5,8,8,8,5,4,8,8,8,8,8,8,5,8,8,8,8,8,8,8,8,8,8,8,5,4,8,8,8,8,8,8,5,8,8,8,8,8,5,8,8,5,8,8,8,4,8,8,5,8,8,8,5,4,8,5,8,8,8,8,8,8,8,8,8,8,8,8,8,8,8,8,8,8,8,8,8,8,5,5,8,8,8,5,5,8,5,5,8,8,8,8,8,8,0,8,5,8,8,2,5,8,8,8,4,8,8,8,8,8,8,8,8,5,8,8,8,8,0,8,5,8,8,8,8,5,8,8,2,8,8,5,8,8,8,8,8,8,8,8,5,8,8,0,2,8,2,8,5,8,8,8,8,5,8,5,8,8,8,4,4,8,8,8,8,4,8,8,8,8,8,5,5,8,8,4,8,8,8,8,8
BLZ,5,5,8,5,8,8,8,4,8,8,8,8,8,8,5,8,8,8,5,4,8,8,8,8,8,8,5,8,8,8,8,8,8,8,8,8,8,8,5,4,8,8,8,8,8,8,5,8,8,8,8,8,5,8,8,5,8,8,8,4,8,8,5,8,8,8,5,4,8,5,8,8,8,8,8,8,8,8,8,8,8,8,8,8,8,8,8,8,8,8,8,8,5,5,8,8,8,5,5,8,5,5,8,8,8,8,8,8,0,8,5,8,8,2,5,8,8,8,4,8,8,8,8,8,8,8,8,5,8,8,8,8,0,8,5,8,8,8,8,5,8,8,2,8,8,5,8,8,8,8,8,8,8,8,5,8,8,0,2,8,2,8,5,8,8,8,8,5,8,5,8,8,8,4,4,8,8,8,8,4,8,8,8,8,8,5,5,8,8,4,8,8,8,8,8
BOL,5,5,8,5,8,8,8,4,8,8,8,8,8,8,5,8,8,8,5,4,8,8,8,8,8,8,5,8,8,8,8,8,8,8,8,8,8,8,5,4,8,8,8,8,8,8,5,8,8,8,8,8,5,8,8,5,8,8,8,4,8,8,5,8,8,8,5,4,8,5,8,8,8,8,8,8,8,8,8,8,8,8,8,8,8,8,8,8,8,8,8,8,5,5,8,8,8,5,5,8,5,5,8,8,8,8,8,8,0,8,5,8,8,2,5,8,8,8,4,8,8,8,8,8,8,8,8,5,8,8,8,8,0,8,5,8,8,8,8,5,8,8,2,8,8,5,8,8,8,8,8,8,8,8,5,8,8,0,2,8,2,8,5,8,8,8,8,5,8,5,8,8,8,4,4,8,8,8,8,4,8,8,8,8,8,5,5,8,8,4,8,8,8,8,8
BRA,5,5,8,5,8,8,8,4,8,8,8,8,8,8,5,8,8,8,5,4,8,8,8,8,8,8,5,8,8,8,8,8,8,8,8,8,8,8,5,4,8,8,8,8,8,8,5,8,8,8,8,8,5,8,8,5,8,8,8,4,8,8,5,8,8,8,5,4,8,5,8,8,8,8,8,8,8,8,8,8,8,8,8,8,8,8,8,8,8,8,8,8,5,5,8,8,8,5,5,8,5,5,8,8,8,8,8,8,0,8,5,8,8,2,5,8,8,8,4,8,8,8,8,8,8,8,8,5,8,8,8,8,0,8,5,8,8,8,8,5,8,8,2,8,8,5,8,8,8,8,8,8,8,8,5,8,8,0,2,8,2,8,5,8,8,8,8,5,8,5,8,8,8,4,4,8,8,8,8,4,8,8,8,8,8,5,5,8,8,4,8,8,8,8,8
BRB,5,5,8,5,8,8,8,4,8,8,8,8,8,8,5,8,8,8,5,4,8,8,8,8,8,8,5,8,8,8,8,8,8,8,8,8,8,8,5,4,8,8,8,8,8,8,5,8,8,8,8,8,5,8,8,5,8,8,8,4,8,8,5,8,8,8,5,4,8,5,8,8,8,8,8,8,8,8,8,8,8,8,8,8,8,8,8,8,8,8,8,8,5,5,8,8,8,5,5,8,5,5,8,8,8,8,8,8,0,8,5,8,8,2,5,8,8,8,4,8,8,8,8,8,8,8,8,5,8,8,8,8,0,8,5,8,8,8,8,5,8,8,2,8,8,5,8,8,8,8,8,8,8,8,5,8,8,0,2,8,2,8,5,8,8,8,8,5,8,5,8,8,8,4,4,8,8,8,8,4,8,8,8,8,8,5,5,8,8,4,8,8,8,8,8
BRN,5,5,8,5,8,8,8,4,8,8,8,8,8,8,5,8,8,8,5,4,8,8,8,8,8,8,5,8,8,8,8,8,8,8,8,8,8,8,5,4,8,8,8,8,8,8,5,8,8,8,8,8,5,8,8,5,8,8,8,4,8,8,5,8,8,8,5,4,8,5,8,8,8,8,8,8,8,8,8,8,8,8,8,8,8,8,8,8,8,8,8,8,5,5,8,8,8,5,5,8,5,5,8,8,8,8,8,8,0,8,5,8,8,2,5,8,8,8,4,8,8,8,8,8,8,8,8,5,8,8,8,8,0,8,5,8,8,8,8,5,8,8,2,8,8,5,8,8,8,8,8,8,8,8,5,8,8,0,2,8,2,8,5,8,8,8,8,5,8,5,8,8,8,4,4,8,8,8,8,4,8,8,8,8,8,5,5,8,8,4,8,8,8,8,8
BTN,3,5,5,5,5,5,5,4,5,5,5,5,5,5,5,5,5,5,5,4,5,5,5,5,5,5,5,5,5,5,5,5,5,5,5,5,5,5,5,4,5,5,5,5,5,5,5,5,5,5,5,5,5,5,5,5,5,5,5,4,5,5,5,5,5,5,5,4,5,5,5,5,5,5,5,5,5,5,5,5,5,5,5,5,5,5,5,5,5,5,5,5,5,5,5,5,5,5,4,5,5,4,5,5,5,5,5,5,0,5,5,5,5,2,5,5,5,5,4,5,5,5,5,5,5,5,5,5,5,5,5,5,0,5,5,5,5,5,5,4,5,5,2,5,5,5,5,5,5,5,5,5,5,5,5,5,5,0,2,5,2,5,5,5,5,5,5,5,5,5,5,5,5,4,4,5,5,5,5,4,5,5,5,5,5,5,5,5,5,4,5,5,5,5,5
BWA,5,5,8,5,8,8,8,4,8,8,8,8,8,8,5,8,8,8,5,4,8,8,8,8,8,8,5,8,8,8,8,8,8,8,8,8,8,8,5,4,8,8,8,8,8,8,5,8,8,8,8,8,5,8,8,5,8,8,8,4,8,8,5,8,8,8,5,4,8,5,8,8,8,8,8,8,8,8,8,8,8,8,8,8,8,8,8,8,8,8,8,8,5,5,8,8,8,5,5,8,5,5,8,8,8,8,8,8,0,8,5,8,8,2,5,8,8,8,4,8,8,8,8,8,8,8,8,5,8,8,8,8,0,8,5,8,8,8,8,5,8,8,2,8,8,5,8,8,8,8,8,8,8,8,5,8,8,0,2,8,2,8,5,8,8,8,8,5,8,5,8,8,8,4,4,8,8,8,8,4,8,8,8,8,8,5,5,8,8,4,8,8,8,8,8
CAF,5,5,8,5,8,8,8,4,8,8,8,8,8,8,5,8,8,8,5,4,8,8,8,8,8,8,5,8,8,8,8,8,8,8,8,8,8,8,5,4,8,8,8,8,8,8,5,8,8,8,8,8,5,8,8,5,8,8,8,4,8,8,5,8,8,8,5,4,8,5,8,8,8,8,8,8,8,8,8,8,8,8,8,8,8,8,8,8,8,8,8,8,5,5,8,8,8,5,5,8,5,5,8,8,8,8,8,8,0,8,5,8,8,2,5,8,8,8,4,8,8,8,8,8,8,8,8,5,8,8,8,8,0,8,5,8,8,8,8,5,8,8,2,8,8,5,8,8,8,8,8,8,8,8,5,8,8,0,2,8,2,8,5,8,8,8,8,5,8,5,8,8,8,4,4,8,8,8,8,4,8,8,8,8,8,5,5,8,8,4,8,8,8,8,8
CAN,5,5,8,5,8,8,8,4,8,8,8,8,8,8,5,8,8,8,5,4,8,8,8,8,8,8,5,8,8,8,8,8,8,8,8,8,8,8,5,4,8,8,8,8,8,8,5,8,8,8,8,8,5,8,8,5,8,8,8,4,8,8,5,8,8,8,5,4,8,5,8,8,8,8,8,8,8,8,8,8,8,8,8,8,8,8,8,8,8,8,8,8,5,5,8,8,8,5,5,8,5,5,8,8,8,8,8,8,0,8,5,8,8,2,5,8,8,8,4,8,8,8,8,8,8,8,8,5,8,8,8,8,0,8,5,8,8,8,8,5,8,8,2,8,8,5,8,8,8,8,8,8,8,8,5,8,8,0,2,8,2,8,5,8,8,8,8,5,8,5,8,8,8,4,4,8,8,8,8,4,8,8,8,8,8,5,5,8,8,4,8,8,8,8,8
CHE,5,5,8,5,8,8,8,4,8,8,8,8,8,8,5,8,8,8,5,4,8,8,8,8,8,8,5,8,8,8,8,8,8,8,8,8,8,8,5,4,8,8,8,8,8,8,5,8,8,8,8,8,5,8,8,5,8,8,8,4,8,8,5,8,8,8,5,4,8,5,8,8,8,8,8,8,8,8,8,8,8,8,8,8,8,8,8,8,8,8,8,8,5,5,8,8,8,5,5,8,5,5,8,8,8,8,8,8,0,8,5,8,8,2,5,8,8,8,4,8,8,8,8,8,8,8,8,5,8,8,8,8,0,8,5,8,8,8,8,5,8,8,2,8,8,5,8,8,8,8,8,8,8,8,5,8,8,0,2,8,2,8,5,8,8,8,8,5,8,5,8,8,8,4,4,8,8,8,8,4,8,8,8,8,8,5,5,8,8,4,8,8,8,8,8
CHL,5,5,8,5,8,8,8,4,8,8,8,8,8,8,5,8,8,8,5,4,8,8,8,8,8,8,5,8,8,8,8,8,8,8,8,8,8,8,5,4,8,8,8,8,8,8,5,8,8,8,8,8,5,8,8,5,8,8,8,4,8,8,5,8,8,8,5,4,8,5,8,8,8,8,8,8,8,8,8,8,8,8,8,8,8,8,8,8,8,8,8,8,5,5,8,8,8,5,5,8,5,5,8,8,8,8,8,8,0,8,5,8,8,2,5,8,8,8,4,8,8,8,8,8,8,8,8,5,8,8,8,8,0,8,5,8,8,8,8,5,8,8,2,8,8,5,8,8,8,8,8,8,8,8,5,8,8,0,2,8,2,8,5,8,8,8,8,5,8,5,8,8,8,4,4,8,8,8,8,4,8,8,8,8,8,5,5,8,8,4,8,8,8,8,8
CHN,5,5,8,5,8,8,8,4,8,8,8,8,8,8,5,8,8,8,5,4,8,8,8,8,8,8,5,8,8,8,8,8,8,8,8,8,8,8,5,4,8,8,8,8,8,8,5,8,8,8,8,8,5,8,8,5,8,8,8,4,8,8,5,8,8,8,5,4,8,5,8,8,8,8,8,8,8,8,8,8,8,8,8,8,8,8,8,8,8,8,8,8,5,5,8,8,8,5,5,8,5,5,8,8,8,8,8,8,0,8,5,8,8,2,5,8,8,8,4,8,8,8,8,8,8,8,8,5,8,8,8,8,0,8,5,8,8,8,8,5,8,8,2,8,8,5,8,8,8,8,8,8,8,8,5,8,8,0,2,8,2,8,5,8,8,8,8,5,8,5,8,8,8,4,4,8,8,8,8,4,8,8,8,8,8,5,5,8,8,4,8,8,8,8,8
CIV,5,5,8,5,8,8,8,4,8,8,8,8,8,8,5,8,8,8,5,4,8,8,8,8,8,8,5,8,8,8,8,8,8,8,8,8,8,8,5,4,8,8,8,8,8,8,5,8,8,8,8,8,5,8,8,5,8,8,8,4,8,8,5,8,8,8,5,4,8,5,8,8,8,8,8,8,8,8,8,8,8,8,8,8,8,8,8,8,8,8,8,8,5,5,8,8,8,5,5,8,5,5,8,8,8,8,8,8,0,8,5,8,8,2,5,8,8,8,4,8,8,8,8,8,8,8,8,5,8,8,8,8,0,8,5,8,8,8,8,5,8,8,2,8,8,5,8,8,8,8,8,8,8,8,5,8,8,0,2,8,2,8,5,8,8,8,8,5,8,5,8,8,8,4,4,8,8,8,8,4,8,8,8,8,8,5,5,8,8,4,8,8,8,8,8
CMR,5,5,8,5,8,8,8,4,8,8,8,8,8,8,5,8,8,8,5,4,8,8,8,8,8,8,5,8,8,8,8,8,8,8,8,8,8,8,5,4,8,8,8,8,8,8,5,8,8,8,8,8,5,8,8,5,8,8,8,4,8,8,5,8,8,8,5,4,8,5,8,8,8,8,8,8,8,8,8,8,8,8,8,8,8,8,8,8,8,8,8,8,5,5,8,8,8,5,5,8,5,5,8,8,8,8,8,8,0,8,5,8,8,2,5,8,8,8,4,8,8,8,8,8,8,8,8,5,8,8,8,8,0,8,5,8,8,8,8,5,8,8,2,8,8,5,8,8,8,8,8,8,8,8,5,8,8,0,2,8,2,8,5,8,8,8,8,5,8,5,8,8,8,4,4,8,8,8,8,4,8,8,8,8,8,5,5,8,8,4,8,8,8,8,8
COD,5,5,8,5,8,8,8,4,8,8,8,8,8,8,5,8,8,8,5,4,8,8,8,8,8,8,5,8,8,8,8,8,8,8,8,8,8,8,5,4,8,8,8,8,8,8,5,8,8,8,8,8,5,8,8,5,8,8,8,4,8,8,5,8,8,8,5,4,8,5,8,8,8,8,8,8,8,8,8,8,8,8,8,8,8,8,8,8,8,8,8,8,5,5,8,8,8,5,5,8,5,5,8,8,8,8,8,8,0,8,5,8,8,2,5,8,8,8,4,8,8,8,8,8,8,8,8,5,8,8,8,8,0,8,5,8,8,8,8,5,8,8,2,8,8,5,8,8,8,8,8,8,8,8,5,8,8,0,2,8,2,8,5,8,8,8,8,5,8,5,8,8,8,4,4,8,8,8,8,4,8,8,8,8,8,5,5,8,8,4,8,8,8,8,8
COG,5,5,8,5,8,8,8,4,8,8,8,8,8,8,5,8,8,8,5,4,8,8,8,8,8,8,5,8,8,8,8,8,8,8,8,8,8,8,5,4,8,8,8,8,8,8,5,8,8,8,8,8,5,8,8,5,8,8,8,4,8,8,5,8,8,8,5,4,8,5,8,8,8,8,8,8,8,8,8,8,8,8,8,8,8,8,8,8,8,8,8,8,5,5,8,8,8,5,5,8,5,5,8,8,8,8,8,8,0,8,5,8,8,2,5,8,8,8,4,8,8,8,8,8,8,8,8,5,8,8,8,8,0,8,5,8,8,8,8,5,8,8,2,8,8,5,8,8,8,8,8,8,8,8,5,8,8,0,2,8,2,8,5,8,8,8,8,5,8,5,8,8,8,4,4,8,8,8,8,4,8,8,8,8,8,5,5,8,8,4,8,8,8,8,8
COL,5,5,8,5,8,8,8,4,8,8,8,8,8,8,5,8,8,8,5,4,8,8,8,8,8,8,5,8,8,8,8,8,8,8,8,8,8,8,5,4,8,8,8,8,8,8,5,8,8,8,8,8,5,8,8,5,8,8,8,4,8,8,5,8,8,8,5,4,8,5,8,8,8,8,8,8,8,8,8,8,8,8,8,8,8,8,8,8,8,8,8,8,5,5,8,8,8,5,5,8,5,5,8,8,8,8,8,8,0,8,5,8,8,2,5,8,8,8,4,8,8,8,8,8,8,8,8,5,8,8,8,8,0,8,5,8,8,8,8,5,8,8,2,8,8,5,8,8,8,8,8,8,8,8,5,8,8,0,2,8,2,8,5,8,8,8,8,5,8,5,8,8,8,4,4,8,8,8,8,4,8,8,8,8,8,5,5,8,8,4,8,8,8,8,8
COM,3,5,5,5,5,5,5,4,5,5,5,5,5,5,5,5,5,5,5,4,5,5,5,5,5,5,5,5,5,5,5,5,5,5,5,5,5,5,5,4,5,5,5,5,5,5,5,5,5,5,5,5,5,5,5,5,5,5,5,4,5,5,5,5,5,5,5,4,5,5,5,5,5,5,5,5,5,5,5,5,5,5,5,5,5,5,5,5,5,5,5,5,5,5,5,5,5,5,4,5,5,4,5,5,5,5,5,5,0,5,5,5,5,2,5,5,5,5,4,5,5,5,5,5,5,5,5,5,5,5,5,5,0,5,5,5,5,5,5,4,5,5,2,5,5,5,5,5,5,5,5,5,5,5,5,5,5,0,2,5,2,5,5,5,5,5,5,5,5,5,5,5,5,4,4,5,5,5,5,4,5,5,5,5,5,5,5,5,5,4,5,5,5,5,5
CPV,2,4,4,4,4,4,4,4,4,4,4,4,4,4,4,4,4,4,4,4,4,4,4,4,4,4,4,4,4,4,4,4,4,4,4,4,4,4,4,4,4,4,4,4,4,4,4,4,4,4,4,4,4,4,4,4,4,4,4,4,4,4,4,4,4,4,4,4,4,4,4,4,4,4,4,4,4,4,4,4,4,4,4,4,4,4,4,4,4,4,4,4,4,4,4,4,4,4,4,4,4,4,4,4,4,4,4,4,0,4,4,4,4,2,4,4,4,4,4,4,4,4,4,4,4,4,4,4,4,4,4,4,0,4,4,4,4,4,4,4,4,4,2,4,4,4,4,4,4,4,4,4,4,4,4,4,4,0,2,4,2,4,4,4,4,4,4,4,4,4,4,4,4,4,4,4,4,4,4,4,4,4,4,4,4,4,4,4,4,4,4,4,4,4,4
CRI,5,5,8,5,8,8,8,4,8,8,8,8,8,8,5,8,8,8,5,4,8,8,8,8,8,8,5,8,8,8,8,8,8,8,8,8,8,8,5,4,8,8,8,8,8,8,5,8,8,8,8,8,5,8,8,5,8,8,8,4,8,8,5,8,8,8,5,4,8,5,8,8,8,8,8,8,8,8,8,8,8,8,8,8,8,8,8,8,8,8,8,8,5,5,8,8,8,5,5,8,5,5,8,8,8,8,8,8,0,8,5,8,8,2,5,8,8,8,4,8,8,8,8,8,8,8,8,5,8,8,8,8,0,8,5,8,8,8,8,5,8,8,2,8,8,5,8,8,8,8,8,8,8,8,5,8,8,0,2,8,2,8,5,8,8,8,8,5,8,5,8,8,8,4,4,8,8,8,8,4,8,8,8,8,8,5,5,8,8,4,8,8,8,8,8
CUB,5,5,8,5,8,8,8,4,8,8,8,8,8,8,5,8,8,8,5,4,8,8,8,8,8,8,5,8,8,8,8,8,8,8,8,8,8,8,5,4,8,8,8,8,8,8,5,8,8,8,8,8,5,8,8,5,8,8,8,4,8,8,5,8,8,8,5,4,8,5,8,8,8,8,8,8,8,8,8,8,8,8,8,8,8,8,8,8,8,8,8,8,5,5,8,8,8,5,5,8,5,5,8,8,8,8,8,8,0,8,5,8,8,2,5,8,8,8,4,8,8,8,8,8,8,8,8,5,8,8,8,8,0,8,5,8,8,8,8,5,8,8,2,8,8,5,8,8,8,8,8,8,8,8,5,8,8,0,2,8,2,8,5,8,8,8,8,5,8,5,8,8,8,4,4,8,8,8,8,4,8,8,8,8,8,5,5,8,8,4,8,8,8,8,8
CYP,5,5,8,5,8,8,8,4,8,8,8,8,8,8,5,8,8,8,5,4,8,8,8,8,8,8,5,8,8,8,8,8,8,8,8,8,8,8,5,4,8,8,8,8,8,8,5,8,8,8,8,8,5,8,8,5,8,8,8,4,8,8,5,8,8,8,5,4,8,5,8,8,8,8,8,8,8,8,8,8,8,8,8,8,8,8,8,8,8,8,8,8,5,5,8,8,8,5,5,8,5,5,8,8,8,8,8,8,0,8,5,8,8,2,5,8,8,8,4,8,8,8,8,8,8,8,8,5,8,8,8,8,0,8,5,8,8,8,8,5,8,8,2,8,8,5,8,8,8,8,8,8,8,8,5,8,8,0,2,8,2,8,5,8,8,8,8,5,8,5,8,8,8,4,4,8,8,8,8,4,8,8,8,8,8,5,5,8,8,4,8,8,8,8,8
CZE,5,5,8,5,8,8,8,4,8,8,8,8,8,8,5,8,8,8,5,4,8,8,8,8,8,8,5,8,8,8,8,8,8,8,8,8,8,8,5,4,8,8,8,8,8,8,5,8,8,8,8,8,5,8,8,5,8,8,8,4,8,8,5,8,8,8,5,4,8,5,8,8,8,8,8,8,8,8,8,8,8,8,8,8,8,8,8,8,8,8,8,8,5,5,8,8,8,5,5,8,5,5,8,8,8,8,8,8,0,8,5,8,8,2,5,8,8,8,4,8,8,8,8,8,8,8,8,5,8,8,8,8,0,8,5,8,8,8,8,5,8,8,2,8,8,5,8,8,8,8,8,8,8,8,5,8,8,0,2,8,2,8,5,8,8,8,8,5,8,5,8,8,8,4,4,8,8,8,8,4,8,8,8,8,8,5,5,8,8,4,8,8,8,8,8
DEU,5,5,8,5,8,8,8,4,8,8,8,8,8,8,5,8,8,8,5,4,8,8,8,8,8,8,5,8,8,8,8,8,8,8,8,8,8,8,5,4,8,8,8,8,8,8,5,8,8,8,8,8,5,8,8,5,8,8,8,4,8,8,5,8,8,8,5,4,8,5,8,8,8,8,8,8,8,8,8,8,8,8,8,8,8,8,8,8,8,8,8,8,5,5,8,8,8,5,5,8,5,5,8,8,8,8,8,8,0,8,5,8,8,2,5,8,8,8,4,8,8,8,8,8,8,8,8,5,8,8,8,8,0,8,5,8,8,8,8,5,8,8,2,8,8,5,8,8,8,8,8,8,8,8,5,8,8,0,2,8,2,8,5,8,8,8,8,5,8,5,8,8,8,4,4,8,8,8,8,4,8,8,8,8,8,5,5,8,8,4,8,8,8,8,8
DJI,5,5,8,5,8,8,8,4,8,8,8,8,8,8,5,8,8,8,5,4,8,8,8,8,8,8,5,8,8,8,8,8,8,8,8,8,8,8,5,4,8,8,8,8,8,8,5,8,8,8,8,8,5,8,8,5,8,8,8,4,8,8,5,8,8,8,5,4,8,5,8,8,8,8,8,8,8,8,8,8,8,8,8,8,8,8,8,8,8,8,8,8,5,5,8,8,8,5,5,8,5,5,8,8,8,8,8,8,0,8,5,8,8,2,5,8,8,8,4,8,8,8,8,8,8,8,8,5,8,8,8,8,0,8,5,8,8,8,8,5,8,8,2,8,8,5,8,8,8,8,8,8,8,8,5,8,8,0,2,8,2,8,5,8,8,8,8,5,8,5,8,8,8,4,4,8,8,8,8,4,8,8,8,8,8,5,5,8,8,4,8,8,8,8,8
DMA,3,5,5,5,5,5,5,4,5,5,5,5,5,5,5,5,5,5,5,4,5,5,5,5,5,5,5,5,5,5,5,5,5,5,5,5,5,5,5,4,5,5,5,5,5,5,5,5,5,5,5,5,5,5,5,5,5,5,5,4,5,5,5,5,5,5,5,4,5,5,5,5,5,5,5,5,5,5,5,5,5,5,5,5,5,5,5,5,5,5,5,5,5,5,5,5,5,5,4,5,5,4,5,5,5,5,5,5,0,5,5,5,5,2,5,5,5,5,4,5,5,5,5,5,5,5,5,5,5,5,5,5,0,5,5,5,5,5,5,4,5,5,2,5,5,5,5,5,5,5,5,5,5,5,5,5,5,0,2,5,2,5,5,5,5,5,5,5,5,5,5,5,5,4,4,5,5,5,5,4,5,5,5,5,5,5,5,5,5,4,5,5,5,5,5
DNK,5,5,8,5,8,8,8,4,8,8,8,8,8,8,5,8,8,8,5,4,8,8,8,8,8,8,5,8,8,8,8,8,8,8,8,8,8,8,5,4,8,8,8,8,8,8,5,8,8,8,8,8,5,8,8,5,8,8,8,4,8,8,5,8,8,8,5,4,8,5,8,8,8,8,8,8,8,8,8,8,8,8,8,8,8,8,8,8,8,8,8,8,5,5,8,8,8,5,5,8,5,5,8,8,8,8,8,8,0,8,5,8,8,2,5,8,8,8,4,8,8,8,8,8,8,8,8,5,8,8,8,8,0,8,5,8,8,8,8,5,8,8,2,8,8,5,8,8,8,8,8,8,8,8,5,8,8,0,2,8,2,8,5,8,8,8,8,5,8,5,8,8,8,4,4,8,8,8,8,4,8,8,8,8,8,5,5,8,8,4,8,8,8,8,8
DOM,5,5,8,5,8,8,8,4,8,8,8,8,8,8,5,8,8,8,5,4,8,8,8,8,8,8,5,8,8,8,8,8,8,8,8,8,8,8,5,4,8,8,8,8,8,8,5,8,8,8,8,8,5,8,8,5,8,8,8,4,8,8,5,8,8,8,5,4,8,5,8,8,8,8,8,8,8,8,8,8,8,8,8,8,8,8,8,8,8,8,8,8,5,5,8,8,8,5,5,8,5,5,8,8,8,8,8,8,0,8,5,8,8,2,5,8,8,8,4,8,8,8,8,8,8,8,8,5,8,8,8,8,0,8,5,8,8,8,8,5,8,8,2,8,8,5,8,8,8,8,8,8,8,8,5,8,8,0,2,8,2,8,5,8,8,8,8,5,8,5,8,8,8,4,4,8,8,8,8,4,8,8,8,8,8,5,5,8,8,4,8,8,8,8,8
DZA,5,5,8,5,8,8,8,4,8,8,8,8,8,8,5,8,8,8,5,4,8,8,8,8,8,8,5,8,8,8,8,8,8,8,8,8,8,8,5,4,8,8,8,8,8,8,5,8,8,8,8,8,5,8,8,5,8,8,8,4,8,8,5,8,8,8,5,4,8,5,8,8,8,8,8,8,8,8,8,8,8,8,8,8,8,8,8,8,8,8,8,8,5,5,8,8,8,5,5,8,5,5,8,8,8,8,8,8,0,8,5,8,8,2,5,8,8,8,4,8,8,8,8,8,8,8,8,5,8,8,8,8,0,8,5,8,8,8,8,5,8,8,2,8,8,5,8,8,8,8,8,8,8,8,5,8,8,0,2,8,2,8,5,8,8,8,8,5,8,5,8,8,8,4,4,8,8,8,8,4,8,8,8,8,8,5,5,8,8,4,8,8,8,8,8
ECU,5,5,8,5,8,8,8,4,8,8,8,8,8,8,5,8,8,8,5,4,8,8,8,8,8,8,5,8,8,8,8,8,8,8,8,8,8,8,5,4,8,8,8,8,8,8,5,8,8,8,8,8,5,8,8,5,8,8,8,4,8,8,5,8,8,8,5,4,8,5,8,8,8,8,8,8,8,8,8,8,8,8,8,8,8,8,8,8,8,8,8,8,5,5,8,8,8,5,5,8,5,5,8,8,8,8,8,8,0,8,5,8,8,2,5,8,8,8,4,8,8,8,8,8,8,8,8,5,8,8,8,8,0,8,5,8,8,8,8,5,8,8,2,8,8,5,8,8,8,8,8,8,8,8,5,8,8,0,2,8,2,8,5,8,8,8,8,5,8,5,8,8,8,4,4,8,8,8,8,4,8,8,8,8,8,5,5,8,8,4,8,8,8,8,8
EGY,5,5,8,5,8,8,8,4,8,8,8,8,8,8,5,8,8,8,5,4,8,8,8,8,8,8,5,8,8,8,8,8,8,8,8,8,8,8,5,4,8,8,8,8,8,8,5,8,8,8,8,8,5,8,8,5,8,8,8,4,8,8,5,8,8,8,5,4,8,5,8,8,8,8,8,8,8,8,8,8,8,8,8,8,8,8,8,8,8,8,8,8,5,5,8,8,8,5,5,8,5,5,8,8,8,8,8,8,0,8,5,8,8,2,5,8,8,8,4,8,8,8,8,8,8,8,8,5,8,8,8,8,0,8,5,8,8,8,8,5,8,8,2,8,8,5,8,8,8,8,8,8,8,8,5,8,8,0,2,8,2,8,5,8,8,8,8,5,8,5,8,8,8,4,4,8,8,8,8,4,8,8,8,8,8,5,5,8,8,4,8,8,8,8,8
ERI,3,5,5,5,5,5,5,4,5,5,5,5,5,5,5,5,5,5,5,4,5,5,5,5,5,5,5,5,5,5,5,5,5,5,5,5,5,5,5,4,5,5,5,5,5,5,5,5,5,5,5,5,5,5,5,5,5,5,5,4,5,5,5,5,5,5,5,4,5,5,5,5,5,5,5,5,5,5,5,5,5,5,5,5,5,5,5,5,5,5,5,5,5,5,5,5,5,5,4,5,5,4,5,5,5,5,5,5,0,5,5,5,5,2,5,5,5,5,4,5,5,5,5,5,5,5,5,5,5,5,5,5,0,5,5,5,5,5,5,4,5,5,2,5,5,5,5,5,5,5,5,5,5,5,5,5,5,0,2,5,2,5,5,5,5,5,5,5,5,5,5,5,5,4,4,5,5,5,5,4,5,5,5,5,5,5,5,5,5,4,5,5,5,5,5
ESP,5,5,8,5,8,8,8,4,8,8,8,8,8,8,5,8,8,8,5,4,8,8,8,8,8,8,5,8,8,8,8,8,8,8,8,8,8,8,5,4,8,8,8,8,8,8,5,8,8,8,8,8,5,8,8,5,8,8,8,4,8,8,5,8,8,8,5,4,8,5,8,8,8,8,8,8,8,8,8,8,8,8,8,8,8,8,8,8,8,8,8,8,5,5,8,8,8,5,5,8,5,5,8,8,8,8,8,8,0,8,5,8,8,2,5,8,8,8,4,8,8,8,8,8,8,8,8,5,8,8,8,8,0,8,5,8,8,8,8,5,8,8,2,8,8,5,8,8,8,8,8,8,8,8,5,8,8,0,2,8,2,8,5,8,8,8,8,5,8,5,8,8,8,4,4,8,8,8,8,4,8,8,8,8,8,5,5,8,8,4,8,8,8,8,8
EST,5,5,8,5,8,8,8,4,8,8,8,8,8,8,5,8,8,8,5,4,8,8,8,8,8,8,5,8,8,8,8,8,8,8,8,8,8,8,5,4,8,8,8,8,8,8,5,8,8,8,8,8,5,8,8,5,8,8,8,4,8,8,5,8,8,8,5,4,8,5,8,8,8,8,8,8,8,8,8,8,8,8,8,8,8,8,8,8,8,8,8,8,5,5,8,8,8,5,5,8,5,5,8,8,8,8,8,8,0,8,5,8,8,2,5,8,8,8,4,8,8,8,8,8,8,8,8,5,8,8,8,8,0,8,5,8,8,8,8,5,8,8,2,8,8,5,8,8,8,8,8,8,8,8,5,8,8,0,2,8,2,8,5,8,8,8,8,5,8,5,8,8,8,4,4,8,8,8,8,4,8,8,8,8,8,5,5,8,8,4,8,8,8,8,8
ETH,3,5,5,5,5,5,5,4,5,5,5,5,5,5,5,5,5,5,5,4,5,5,5,5,5,5,5,5,5,5,5,5,5,5,5,5,5,5,5,4,5,5,5,5,5,5,5,5,5,5,5,5,5,5,5,5,5,5,5,4,5,5,5,5,5,5,5,4,5,5,5,5,5,5,5,5,5,5,5,5,5,5,5,5,5,5,5,5,5,5,5,5,5,5,5,5,5,5,4,5,5,4,5,5,5,5,5,5,0,5,5,5,5,2,5,5,5,5,4,5,5,5,5,5,5,5,5,5,5,5,5,5,0,5,5,5,5,5,5,4,5,5,2,5,5,5,5,5,5,5,5,5,5,5,5,5,5,0,2,5,2,5,5,5,5,5,5,5,5,5,5,5,5,4,4,5,5,5,5,4,5,5,5,5,5,5,5,5,5,4,5,5,5,5,5
FIN,5,5,8,5,8,8,8,4,8,8,8,8,8,8,5,8,8,8,5,4,8,8,8,8,8,8,5,8,8,8,8,8,8,8,8,8,8,8,5,4,8,8,8,8,8,8,5,8,8,8,8,8,5,8,8,5,8,8,8,4,8,8,5,8,8,8,5,4,8,5,8,8,8,8,8,8,8,8,8,8,8,8,8,8,8,8,8,8,8,8,8,8,5,5,8,8,8,5,5,8,5,5,8,8,8,8,8,8,0,8,5,8,8,2,5,8,8,8,4,8,8,8,8,8,8,8,8,5,8,8,8,8,0,8,5,8,8,8,8,5,8,8,2,8,8,5,8,8,8,8,8,8,8,8,5,8,8,0,2,8,2,8,5,8,8,8,8,5,8,5,8,8,8,4,4,8,8,8,8,4,8,8,8,8,8,5,5,8,8,4,8,8,8,8,8
FJI,5,5,8,5,8,8,8,4,8,8,8,8,8,8,5,8,8,8,5,4,8,8,8,8,8,8,5,8,8,8,8,8,8,8,8,8,8,8,5,4,8,8,8,8,8,8,5,8,8,8,8,8,5,8,8,5,8,8,8,4,8,8,5,8,8,8,5,4,8,5,8,8,8,8,8,8,8,8,8,8,8,8,8,8,8,8,8,8,8,8,8,8,5,5,8,8,8,5,5,8,5,5,8,8,8,8,8,8,0,8,5,8,8,2,5,8,8,8,4,8,8,8,8,8,8,8,8,5,8,8,8,8,0,8,5,8,8,8,8,5,8,8,2,8,8,5,8,8,8,8,8,8,8,8,5,8,8,0,2,8,2,8,5,8,8,8,8,5,8,5,8,8,8,4,4,8,8,8,8,4,8,8,8,8,8,5,5,8,8,4,8,8,8,8,8
FRA,5,5,8,5,8,8,8,4,8,8,8,8,8,8,5,8,8,8,5,4,8,8,8,8,8,8,5,8,8,8,8,8,8,8,8,8,8,8,5,4,8,8,8,8,8,8,5,8,8,8,8,8,5,8,8,5,8,8,8,4,8,8,5,8,8,8,5,4,8,5,8,8,8,8,8,8,8,8,8,8,8,8,8,8,8,8,8,8,8,8,8,8,5,5,8,8,8,5,5,8,5,5,8,8,8,8,8,8,0,8,5,8,8,2,5,8,8,8,4,8,8,8,8,8,8,8,8,5,8,8,8,8,0,8,5,8,8,8,8,5,8,8,2,8,8,5,8,8,8,8,8,8,8,8,5,8,8,0,2,8,2,8,5,8,8,8,8,5,8,5,8,8,8,4,4,8,8,8,8,4,8,8,8,8,8,5,5,8,8,4,8,8,8,8,8
FSM,2,4,4,4,4,4,4,4,4,4,4,4,4,4,4,4,4,4,4,4,4,4,4,4,4,4,4,4,4,4,4,4,4,4,4,4,4,4,4,4,4,4,4,4,4,4,4,4,4,4,4,4,4,4,4,4,4,4,4,4,4,4,4,4,4,4,4,4,4,4,4,4,4,4,4,4,4,4,4,4,4,4,4,4,4,4,4,4,4,4,4,4,4,4,4,4,4,4,4,4,4,4,4,4,4,4,4,4,0,4,4,4,4,2,4,4,4,4,4,4,4,4,4,4,4,4,4,4,4,4,4,4,0,4,4,4,4,4,4,4,4,4,2,4,4,4,4,4,4,4,4,4,4,4,4,4,4,0,2,4,2,4,4,4,4,4,4,4,4,4,4,4,4,4,4,4,4,4,4,4,4,4,4,4,4,4,4,4,4,4,4,4,4,4,4
GAB,5,5,8,5,8,8,8,4,8,8,8,8,8,8,5,8,8,8,5,4,8,8,8,8,8,8,5,8,8,8,8,8,8,8,8,8,8,8,5,4,8,8,8,8,8,8,5,8,8,8,8,8,5,8,8,5,8,8,8,4,8,8,5,8,8,8,5,4,8,5,8,8,8,8,8,8,8,8,8,8,8,8,8,8,8,8,8,8,8,8,8,8,5,5,8,8,8,5,5,8,5,5,8,8,8,8,8,8,0,8,5,8,8,2,5,8,8,8,4,8,8,8,8,8,8,8,8,5,8,8,8,8,0,8,5,8,8,8,8,5,8,8,2,8,8,5,8,8,8,8,8,8,8,8,5,8,8,0,2,8,2,8,5,8,8,8,8,5,8,5,8,8,8,4,4,8,8,8,8,4,8,8,8,8,8,5,5,8,8,4,8,8,8,8,8
GBR,5,5,8,5,8,8,8,4,8,8,8,8,8,8,5,8,8,8,5,4,8,8,8,8,8,8,5,8,8,8,8,8,8,8,8,8,8,8,5,4,8,8,8,8,8,8,5,8,8,8,8,8,5,8,8,5,8,8,8,4,8,8,5,8,8,8,5,4,8,5,8,8,8,8,8,8,8,8,8,8,8,8,8,8,8,8,8,8,8,8,8,8,5,5,8,8,8,5,5,8,5,5,8,8,8,8,8,8,0,8,5,8,8,2,5,8,8,8,4,8,8,8,8,8,8,8,8,5,8,8,8,8,0,8,5,8,8,8,8,5,8,8,2,8,8,5,8,8,8,8,8,8,8,8,5,8,8,0,2,8,2,8,5,8,8,8,8,5,8,5,8,8,8,4,4,8,8,8,8,4,8,8,8,8,8,5,5,8,8,4,8,8,8,8,8
GEO,3,5,5,5,5,5,5,4,5,5,5,5,5,5,5,5,5,5,5,4,5,5,5,5,5,5,5,5,5,5,5,5,5,5,5,5,5,5,5,4,5,5,5,5,5,5,5,5,5,5,5,5,5,5,5,5,5,5,5,4,5,5,5,5,5,5,5,4,5,5,5,5,5,5,5,5,5,5,5,5,5,5,5,5,5,5,5,5,5,5,5,5,5,5,5,5,5,5,4,5,5,4,5,5,5,5,5,5,0,5,5,5,5,2,5,5,5,5,4,5,5,5,5,5,5,5,5,5,5,5,5,5,0,5,5,5,5,5,5,4,5,5,2,5,5,5,5,5,5,5,5,5,5,5,5,5,5,0,2,5,2,5,5,5,5,5,5,5,5,5,5,5,5,4,4,5,5,5,5,4,5,5,5,5,5,5,5,5,5,4,5,5,5,5,5
GHA,5,5,8,5,8,8,8,4,8,8,8,8,8,8,5,8,8,8,5,4,8,8,8,8,8,8,5,8,8,8,8,8,8,8,8,8,8,8,5,4,8,8,8,8,8,8,5,8,8,8,8,8,5,8,8,5,8,8,8,4,8,8,5,8,8,8,5,4,8,5,8,8,8,8,8,8,8,8,8,8,8,8,8,8,8,8,8,8,8,8,8,8,5,5,8,8,8,5,5,8,5,5,8,8,8,8,8,8,0,8,5,8,8,2,5,8,8,8,4,8,8,8,8,8,8,8,8,5,8,8,8,8,0,8,5,8,8,8,8,5,8,8,2,8,8,5,8,8,8,8,8,8,8,8,5,8,8,0,2,8,2,8,5,8,8,8,8,5,8,5,8,8,8,4,4,8,8,8,8,4,8,8,8,8,8,5,5,8,8,4,8,8,8,8,8
GIN,5,5,8,5,8,8,8,4,8,8,8,8,8,8,5,8,8,8,5,4,8,8,8,8,8,8,5,8,8,8,8,8,8,8,8,8,8,8,5,4,8,8,8,8,8,8,5,8,8,8,8,8,5,8,8,5,8,8,8,4,8,8,5,8,8,8,5,4,8,5,8,8,8,8,8,8,8,8,8,8,8,8,8,8,8,8,8,8,8,8,8,8,5,5,8,8,8,5,5,8,5,5,8,8,8,8,8,8,0,8,5,8,8,2,5,8,8,8,4,8,8,8,8,8,8,8,8,5,8,8,8,8,0,8,5,8,8,8,8,5,8,8,2,8,8,5,8,8,8,8,8,8,8,8,5,8,8,0,2,8,2,8,5,8,8,8,8,5,8,5,8,8,8,4,4,8,8,8,8,4,8,8,8,8,8,5,5,8,8,4,8,8,8,8,8
GMB,5,5,8,5,8,8,8,4,8,8,8,8,8,8,5,8,8,8,5,4,8,8,8,8,8,8,5,8,8,8,8,8,8,8,8,8,8,8,5,4,8,8,8,8,8,8,5,8,8,8,8,8,5,8,8,5,8,8,8,4,8,8,5,8,8,8,5,4,8,5,8,8,8,8,8,8,8,8,8,8,8,8,8,8,8,8,8,8,8,8,8,8,5,5,8,8,8,5,5,8,5,5,8,8,8,8,8,8,0,8,5,8,8,2,5,8,8,8,4,8,8,8,8,8,8,8,8,5,8,8,8,8,0,8,5,8,8,8,8,5,8,8,2,8,8,5,8,8,8,8,8,8,8,8,5,8,8,0,2,8,2,8,5,8,8,8,8,5,8,5,8,8,8,4,4,8,8,8,8,4,8,8,8,8,8,5,5,8,8,4,8,8,8,8,8
GNB,3,5,5,5,5,5,5,4,5,5,5,5,5,5,5,5,5,5,5,4,5,5,5,5,5,5,5,5,5,5,5,5,5,5,5,5,5,5,5,4,5,5,5,5,5,5,5,5,5,5,5,5,5,5,5,5,5,5,5,4,5,5,5,5,5,5,5,4,5,5,5,5,5,5,5,5,5,5,5,5,5,5,5,5,5,5,5,5,5,5,5,5,5,5,5,5,5,5,4,5,5,4,5,5,5,5,5,5,0,5,5,5,5,2,5,5,5,5,4,5,5,5,5,5,5,5,5,5,5,5,5,5,0,5,5,5,5,5,5,4,5,5,2,5,5,5,5,5,5,5,5,5,5,5,5,5,5,0,2,5,2,5,5,5,5,5,5,5,5,5,5,5,5,4,4,5,5,5,5,4,5,5,5,5,5,5,5,5,5,4,5,5,5,5,5
GNQ,2,4,4,4,4,4,4,4,4,4,4,4,4,4,4,4,4,4,4,4,4,4,4,4,4,4,4,4,4,4,4,4,4,4,4,4,4,4,4,4,4,4,4,4,4,4,4,4,4,4,4,4,4,4,4,4,4,4,4,4,4,4,4,4,4,4,4,4,4,4,4,4,4,4,4,4,4,4,4,4,4,4,4,4,4,4,4,4,4,4,4,4,4,4,4,4,4,4,4,4,4,4,4,4,4,4,4,4,0,4,4,4,4,2,4,4,4,4,4,4,4,4,4,4,4,4,4,4,4,4,4,4,0,4,4,4,4,4,4,4,4,4,2,4,4,4,4,4,4,4,4,4,4,4,4,4,4,0,2,4,2,4,4,4,4,4,4,4,4,4,4,4,4,4,4,4,4,4,4,4,4,4,4,4,4,4,4,4,4,4,4,4,4,4,4
GRC,5,5,8,5,8,8,8,4,8,8,8,8,8,8,5,8,8,8,5,4,8,8,8,8,8,8,5,8,8,8,8,8,8,8,8,8,8,8,5,4,8,8,8,8,8,8,5,8,8,8,8,8,5,8,8,5,8,8,8,4,8,8,5,8,8,8,5,4,8,5,8,8,8,8,8,8,8,8,8,8,8,8,8,8,8,8,8,8,8,8,8,8,5,5,8,8,8,5,5,8,5,5,8,8,8,8,8,8,0,8,5,8,8,2,5,8,8,8,4,8,8,8,8,8,8,8,8,5,8,8,8,8,0,8,5,8,8,8,8,5,8,8,2,8,8,5,8,8,8,8,8,8,8,8,5,8,8,0,2,8,2,8,5,8,8,8,8,5,8,5,8,8,8,4,4,8,8,8,8,4,8,8,8,8,8,5,5,8,8,4,8,8,8,8,8
GRD,3,5,5,5,5,5,5,4,5,5,5,5,5,5,5,5,5,5,5,4,5,5,5,5,5,5,5,5,5,5,5,5,5,5,5,5,5,5,5,4,5,5,5,5,5,5,5,5,5,5,5,5,5,5,5,5,5,5,5,4,5,5,5,5,5,5,5,4,5,5,5,5,5,5,5,5,5,5,5,5,5,5,5,5,5,5,5,5,5,5,5,5,5,5,5,5,5,5,4,5,5,4,5,5,5,5,5,5,0,5,5,5,5,2,5,5,5,5,4,5,5,5,5,5,5,5,5,5,5,5,5,5,0,5,5,5,5,5,5,4,5,5,2,5,5,5,5,5,5,5,5,5,5,5,5,5,5,0,2,5,2,5,5,5,5,5,5,5,5,5,5,5,5,4,4,5,5,5,5,4,5,5,5,5,5,5,5,5,5,4,5,5,5,5,5
GTM,5,5,8,5,8,8,8,4,8,8,8,8,8,8,5,8,8,8,5,4,8,8,8,8,8,8,5,8,8,8,8,8,8,8,8,8,8,8,5,4,8,8,8,8,8,8,5,8,8,8,8,8,5,8,8,5,8,8,8,4,8,8,5,8,8,8,5,4,8,5,8,8,8,8,8,8,8,8,8,8,8,8,8,8,8,8,8,8,8,8,8,8,5,5,8,8,8,5,5,8,5,5,8,8,8,8,8,8,0,8,5,8,8,2,5,8,8,8,4,8,8,8,8,8,8,8,8,5,8,8,8,8,0,8,5,8,8,8,8,5,8,8,2,8,8,5,8,8,8,8,8,8,8,8,5,8,8,0,2,8,2,8,5,8,8,8,8,5,8,5,8,8,8,4,4,8,8,8,8,4,8,8,8,8,8,5,5,8,8,4,8,8,8,8,8
GUY,5,5,8,5,8,8,8,4,8,8,8,8,8,8,5,8,8,8,5,4,8,8,8,8,8,8,5,8,8,8,8,8,8,8,8,8,8,8,5,4,8,8,8,8,8,8,5,8,8,8,8,8,5,8,8,5,8,8,8,4,8,8,5,8,8,8,5,4,8,5,8,8,8,8,8,8,8,8,8,8,8,8,8,8,8,8,8,8,8,8,8,8,5,5,8,8,8,5,5,8,5,5,8,8,8,8,8,8,0,8,5,8,8,2,5,8,8,8,4,8,8,8,8,8,8,8,8,5,8,8,8,8,0,8,5,8,8,8,8,5,8,8,2,8,8,5,8,8,8,8,8,8,8,8,5,8,8,0,2,8,2,8,5,8,8,8,8,5,8,5,8,8,8,4,4,8,8,8,8,4,8,8,8,8,8,5,5,8,8,4,8,8,8,8,8
HKG,5,5,8,5,8,8,8,4,8,8,8,8,8,8,5,8,8,8,5,4,8,8,8,8,8,8,5,8,8,8,8,8,8,8,8,8,8,8,5,4,8,8,8,8,8,8,5,8,8,8,8,8,5,8,8,5,8,8,8,4,8,8,5,8,8,8,5,4,8,5,8,8,8,8,8,8,8,8,8,8,8,8,8,8,8,8,8,8,8,8,8,8,5,5,8,8,8,5,5,8,5,5,8,8,8,8,8,8,0,8,5,8,8,2,5,8,8,8,4,8,8,8,8,8,8,8,8,5,8,8,8,8,0,8,5,8,8,8,8,5,8,8,2,8,8,5,8,8,8,8,8,8,8,8,5,8,8,0,2,8,2,8,5,8,8,8,8,5,8,5,8,8,8,4,4,8,8,8,8,4,8,8,8,8,8,5,5,8,8,4,8,8,8,8,8
HND,5,5,8,5,8,8,8,4,8,8,8,8,8,8,5,8,8,8,5,4,8,8,8,8,8,8,5,8,8,8,8,8,8,8,8,8,8,8,5,4,8,8,8,8,8,8,5,8,8,8,8,8,5,8,8,5,8,8,8,4,8,8,5,8,8,8,5,4,8,5,8,8,8,8,8,8,8,8,8,8,8,8,8,8,8,8,8,8,8,8,8,8,5,5,8,8,8,5,5,8,5,5,8,8,8,8,8,8,0,8,5,8,8,2,5,8,8,8,4,8,8,8,8,8,8,8,8,5,8,8,8,8,0,8,5,8,8,8,8,5,8,8,2,8,8,5,8,8,8,8,8,8,8,8,5,8,8,0,2,8,2,8,5,8,8,8,8,5,8,5,8,8,8,4,4,8,8,8,8,4,8,8,8,8,8,5,5,8,8,4,8,8,8,8,8
HRV,5,5,8,5,8,8,8,4,8,8,8,8,8,8,5,8,8,8,5,4,8,8,8,8,8,8,5,8,8,8,8,8,8,8,8,8,8,8,5,4,8,8,8,8,8,8,5,8,8,8,8,8,5,8,8,5,8,8,8,4,8,8,5,8,8,8,5,4,8,5,8,8,8,8,8,8,8,8,8,8,8,8,8,8,8,8,8,8,8,8,8,8,5,5,8,8,8,5,5,8,5,5,8,8,8,8,8,8,0,8,5,8,8,2,5,8,8,8,4,8,8,8,8,8,8,8,8,5,8,8,8,8,0,8,5,8,8,8,8,5,8,8,2,8,8,5,8,8,8,8,8,8,8,8,5,8,8,0,2,8,2,8,5,8,8,8,8,5,8,5,8,8,8,4,4,8,8,8,8,4,8,8,8,8,8,5,5,8,8,4,8,8,8,8,8
HTI,5,5,8,5,8,8,8,4,8,8,8,8,8,8,5,8,8,8,5,4,8,8,8,8,8,8,5,8,8,8,8,8,8,8,8,8,8,8,5,4,8,8,8,8,8,8,5,8,8,8,8,8,5,8,8,5,8,8,8,4,8,8,5,8,8,8,5,4,8,5,8,8,8,8,8,8,8,8,8,8,8,8,8,8,8,8,8,8,8,8,8,8,5,5,8,8,8,5,5,8,5,5,8,8,8,8,8,8,0,8,5,8,8,2,5,8,8,8,4,8,8,8,8,8,8,8,8,5,8,8,8,8,0,8,5,8,8,8,8,5,8,8,2,8,8,5,8,8,8,8,8,8,8,8,5,8,8,0,2,8,2,8,5,8,8,8,8,5,8,5,8,8,8,4,4,8,8,8,8,4,8,8,8,8,8,5,5,8,8,4,8,8,8,8,8
HUN,5,5,8,5,8,8,8,4,8,8,8,8,8,8,5,8,8,8,5,4,8,8,8,8,8,8,5,8,8,8,8,8,8,8,8,8,8,8,5,4,8,8,8,8,8,8,5,8,8,8,8,8,5,8,8,5,8,8,8,4,8,8,5,8,8,8,5,4,8,5,8,8,8,8,8,8,8,8,8,8,8,8,8,8,8,8,8,8,8,8,8,8,5,5,8,8,8,5,5,8,5,5,8,8,8,8,8,8,0,8,5,8,8,2,5,8,8,8,4,8,8,8,8,8,8,8,8,5,8,8,8,8,0,8,5,8,8,8,8,5,8,8,2,8,8,5,8,8,8,8,8,8,8,8,5,8,8,0,2,8,2,8,5,8,8,8,8,5,8,5,8,8,8,4,4,8,8,8,8,4,8,8,8,8,8,5,5,8,8,4,8,8,8,8,8
IDN,5,5,8,5,8,8,8,4,8,8,8,8,8,8,5,8,8,8,5,4,8,8,8,8,8,8,5,8,8,8,8,8,8,8,8,8,8,8,5,4,8,8,8,8,8,8,5,8,8,8,8,8,5,8,8,5,8,8,8,4,8,8,5,8,8,8,5,4,8,5,8,8,8,8,8,8,8,8,8,8,8,8,8,8,8,8,8,8,8,8,8,8,5,5,8,8,8,5,5,8,5,5,8,8,8,8,8,8,0,8,5,8,8,2,5,8,8,8,4,8,8,8,8,8,8,8,8,5,8,8,8,8,0,8,5,8,8,8,8,5,8,8,2,8,8,5,8,8,8,8,8,8,8,8,5,8,8,0,2,8,2,8,5,8,8,8,8,5,8,5,8,8,8,4,4,8,8,8,8,4,8,8,8,8,8,5,5,8,8,4,8,8,8,8,8
IND,5,5,8,5,8,8,8,4,8,8,8,8,8,8,5,8,8,8,5,4,8,8,8,8,8,8,5,8,8,8,8,8,8,8,8,8,8,8,5,4,8,8,8,8,8,8,5,8,8,8,8,8,5,8,8,5,8,8,8,4,8,8,5,8,8,8,5,4,8,5,8,8,8,8,8,8,8,8,8,8,8,8,8,8,8,8,8,8,8,8,8,8,5,5,8,8,8,5,5,8,5,5,8,8,8,8,8,8,0,8,5,8,8,2,5,8,8,8,4,8,8,8,8,8,8,8,8,5,8,8,8,8,0,8,5,8,8,8,8,5,8,8,2,8,8,5,8,8,8,8,8,8,8,8,5,8,8,0,2,8,2,8,5,8,8,8,8,5,8,5,8,8,8,4,4,8,8,8,8,4,8,8,8,8,8,5,5,8,8,4,8,8,8,8,8
IRL,5,5,8,5,8,8,8,4,8,8,8,8,8,8,5,8,8,8,5,4,8,8,8,8,8,8,5,8,8,8,8,8,8,8,8,8,8,8,5,4,8,8,8,8,8,8,5,8,8,8,8,8,5,8,8,5,8,8,8,4,8,8,5,8,8,8,5,4,8,5,8,8,8,8,8,8,8,8,8,8,8,8,8,8,8,8,8,8,8,8,8,8,5,5,8,8,8,5,5,8,5,5,8,8,8,8,8,8,0,8,5,8,8,2,5,8,8,8,4,8,8,8,8,8,8,8,8,5,8,8,8,8,0,8,5,8,8,8,8,5,8,8,2,8,8,5,8,8,8,8,8,8,8,8,5,8,8,0,2,8,2,8,5,8,8,8,8,5,8,5,8,8,8,4,4,8,8,8,8,4,8,8,8,8,8,5,5,8,8,4,8,8,8,8,8
IRN,5,5,8,5,8,8,8,4,8,8,8,8,8,8,5,8,8,8,5,4,8,8,8,8,8,8,5,8,8,8,8,8,8,8,8,8,8,8,5,4,8,8,8,8,8,8,5,8,8,8,8,8,5,8,8,5,8,8,8,4,8,8,5,8,8,8,5,4,8,5,8,8,8,8,8,8,8,8,8,8,8,8,8,8,8,8,8,8,8,8,8,8,5,5,8,8,8,5,5,8,5,5,8,8,8,8,8,8,0,8,5,8,8,2,5,8,8,8,4,8,8,8,8,8,8,8,8,5,8,8,8,8,0,8,5,8,8,8,8,5,8,8,2,8,8,5,8,8,8,8,8,8,8,8,5,8,8,0,2,8,2,8,5,8,8,8,8,5,8,5,8,8,8,4,4,8,8,8,8,4,8,8,8,8,8,5,5,8,8,4,8,8,8,8,8
IRQ,5,5,8,5,8,8,8,4,8,8,8,8,8,8,5,8,8,8,5,4,8,8,8,8,8,8,5,8,8,8,8,8,8,8,8,8,8,8,5,4,8,8,8,8,8,8,5,8,8,8,8,8,5,8,8,5,8,8,8,4,8,8,5,8,8,8,5,4,8,5,8,8,8,8,8,8,8,8,8,8,8,8,8,8,8,8,8,8,8,8,8,8,5,5,8,8,8,5,5,8,5,5,8,8,8,8,8,8,0,8,5,8,8,2,5,8,8,8,4,8,8,8,8,8,8,8,8,5,8,8,8,8,0,8,5,8,8,8,8,5,8,8,2,8,8,5,8,8,8,8,8,8,8,8,5,8,8,0,2,8,2,8,5,8,8,8,8,5,8,5,8,8,8,4,4,8,8,8,8,4,8,8,8,8,8,5,5,8,8,4,8,8,8,8,8
ISL,5,5,8,5,8,8,8,4,8,8,8,8,8,8,5,8,8,8,5,4,8,8,8,8,8,8,5,8,8,8,8,8,8,8,8,8,8,8,5,4,8,8,8,8,8,8,5,8,8,8,8,8,5,8,8,5,8,8,8,4,8,8,5,8,8,8,5,4,8,5,8,8,8,8,8,8,8,8,8,8,8,8,8,8,8,8,8,8,8,8,8,8,5,5,8,8,8,5,5,8,5,5,8,8,8,8,8,8,0,8,5,8,8,2,5,8,8,8,4,8,8,8,8,8,8,8,8,5,8,8,8,8,0,8,5,8,8,8,8,5,8,8,2,8,8,5,8,8,8,8,8,8,8,8,5,8,8,0,2,8,2,8,5,8,8,8,8,5,8,5,8,8,8,4,4,8,8,8,8,4,8,8,8,8,8,5,5,8,8,4,8,8,8,8,8
ISR,5,5,8,5,8,8,8,4,8,8,8,8,8,8,5,8,8,8,5,4,8,8,8,8,8,8,5,8,8,8,8,8,8,8,8,8,8,8,5,4,8,8,8,8,8,8,5,8,8,8,8,8,5,8,8,5,8,8,8,4,8,8,5,8,8,8,5,4,8,5,8,8,8,8,8,8,8,8,8,8,8,8,8,8,8,8,8,8,8,8,8,8,5,5,8,8,8,5,5,8,5,5,8,8,8,8,8,8,0,8,5,8,8,2,5,8,8,8,4,8,8,8,8,8,8,8,8,5,8,8,8,8,0,8,5,8,8,8,8,5,8,8,2,8,8,5,8,8,8,8,8,8,8,8,5,8,8,0,2,8,2,8,5,8,8,8,8,5,8,5,8,8,8,4,4,8,8,8,8,4,8,8,8,8,8,5,5,8,8,4,8,8,8,8,8
ITA,5,5,8,5,8,8,8,4,8,8,8,8,8,8,5,8,8,8,5,4,8,8,8,8,8,8,5,8,8,8,8,8,8,8,8,8,8,8,5,4,8,8,8,8,8,8,5,8,8,8,8,8,5,8,8,5,8,8,8,4,8,8,5,8,8,8,5,4,8,5,8,8,8,8,8,8,8,8,8,8,8,8,8,8,8,8,8,8,8,8,8,8,5,5,8,8,8,5,5,8,5,5,8,8,8,8,8,8,0,8,5,8,8,2,5,8,8,8,4,8,8,8,8,8,8,8,8,5,8,8,8,8,0,8,5,8,8,8,8,5,8,8,2,8,8,5,8,8,8,8,8,8,8,8,5,8,8,0,2,8,2,8,5,8,8,8,8,5,8,5,8,8,8,4,4,8,8,8,8,4,8,8,8,8,8,5,5,8,8,4,8,8,8,8,8
JAM,5,5,8,5,8,8,8,4,8,8,8,8,8,8,5,8,8,8,5,4,8,8,8,8,8,8,5,8,8,8,8,8,8,8,8,8,8,8,5,4,8,8,8,8,8,8,5,8,8,8,8,8,5,8,8,5,8,8,8,4,8,8,5,8,8,8,5,4,8,5,8,8,8,8,8,8,8,8,8,8,8,8,8,8,8,8,8,8,8,8,8,8,5,5,8,8,8,5,5,8,5,5,8,8,8,8,8,8,0,8,5,8,8,2,5,8,8,8,4,8,8,8,8,8,8,8,8,5,8,8,8,8,0,8,5,8,8,8,8,5,8,8,2,8,8,5,8,8,8,8,8,8,8,8,5,8,8,0,2,8,2,8,5,8,8,8,8,5,8,5,8,8,8,4,4,8,8,8,8,4,8,8,8,8,8,5,5,8,8,4,8,8,8,8,8
JOR,5,5,8,5,8,8,8,4,8,8,8,8,8,8,5,8,8,8,5,4,8,8,8,8,8,8,5,8,8,8,8,8,8,8,8,8,8,8,5,4,8,8,8,8,8,8,5,8,8,8,8,8,5,8,8,5,8,8,8,4,8,8,5,8,8,8,5,4,8,5,8,8,8,8,8,8,8,8,8,8,8,8,8,8,8,8,8,8,8,8,8,8,5,5,8,8,8,5,5,8,5,5,8,8,8,8,8,8,0,8,5,8,8,2,5,8,8,8,4,8,8,8,8,8,8,8,8,5,8,8,8,8,0,8,5,8,8,8,8,5,8,8,2,8,8,5,8,8,8,8,8,8,8,8,5,8,8,0,2,8,2,8,5,8,8,8,8,5,8,5,8,8,8,4,4,8,8,8,8,4,8,8,8,8,8,5,5,8,8,4,8,8,8,8,8
JPN,5,5,8,5,8,8,8,4,8,8,8,8,8,8,5,8,8,8,5,4,8,8,8,8,8,8,5,8,8,8,8,8,8,8,8,8,8,8,5,4,8,8,8,8,8,8,5,8,8,8,8,8,5,8,8,5,8,8,8,4,8,8,5,8,8,8,5,4,8,5,8,8,8,8,8,8,8,8,8,8,8,8,8,8,8,8,8,8,8,8,8,8,5,5,8,8,8,5,5,8,5,5,8,8,8,8,8,8,0,8,5,8,8,2,5,8,8,8,4,8,8,8,8,8,8,8,8,5,8,8,8,8,0,8,5,8,8,8,8,5,8,8,2,8,8,5,8,8,8,8,8,8,8,8,5,8,8,0,2,8,2,8,5,8,8,8,8,5,8,5,8,8,8,4,4,8,8,8,8,4,8,8,8,8,8,5,5,8,8,4,8,8,8,8,8
KAZ,5,5,8,5,8,8,8,4,8,8,8,8,8,8,5,8,8,8,5,4,8,8,8,8,8,8,5,8,8,8,8,8,8,8,8,8,8,8,5,4,8,8,8,8,8,8,5,8,8,8,8,8,5,8,8,5,8,8,8,4,8,8,5,8,8,8,5,4,8,5,8,8,8,8,8,8,8,8,8,8,8,8,8,8,8,8,8,8,8,8,8,8,5,5,8,8,8,5,5,8,5,5,8,8,8,8,8,8,0,8,5,8,8,2,5,8,8,8,4,8,8,8,8,8,8,8,8,5,8,8,8,8,0,8,5,8,8,8,8,5,8,8,2,8,8,5,8,8,8,8,8,8,8,8,5,8,8,0,2,8,2,8,5,8,8,8,8,5,8,5,8,8,8,4,4,8,8,8,8,4,8,8,8,8,8,5,5,8,8,4,8,8,8,8,8
KEN,5,5,8,5,8,8,8,4,8,8,8,8,8,8,5,8,8,8,5,4,8,8,8,8,8,8,5,8,8,8,8,8,8,8,8,8,8,8,5,4,8,8,8,8,8,8,5,8,8,8,8,8,5,8,8,5,8,8,8,4,8,8,5,8,8,8,5,4,8,5,8,8,8,8,8,8,8,8,8,8,8,8,8,8,8,8,8,8,8,8,8,8,5,5,8,8,8,5,5,8,5,5,8,8,8,8,8,8,0,8,5,8,8,2,5,8,8,8,4,8,8,8,8,8,8,8,8,5,8,8,8,8,0,8,5,8,8,8,8,5,8,8,2,8,8,5,8,8,8,8,8,8,8,8,5,8,8,0,2,8,2,8,5,8,8,8,8,5,8,5,8,8,8,4,4,8,8,8,8,4,8,8,8,8,8,5,5,8,8,4,8,8,8,8,8
KGZ,5,5,8,5,8,8,8,4,8,8,8,8,8,8,5,8,8,8,5,4,8,8,8,8,8,8,5,8,8,8,8,8,8,8,8,8,8,8,5,4,8,8,8,8,8,8,5,8,8,8,8,8,5,8,8,5,8,8,8,4,8,8,5,8,8,8,5,4,8,5,8,8,8,8,8,8,8,8,8,8,8,8,8,8,8,8,8,8,8,8,8,8,5,5,8,8,8,5,5,8,5,5,8,8,8,8,8,8,0,8,5,8,8,2,5,8,8,8,4,8,8,8,8,8,8,8,8,5,8,8,8,8,0,8,5,8,8,8,8,5,8,8,2,8,8,5,8,8,8,8,8,8,8,8,5,8,8,0,2,8,2,8,5,8,8,8,8,5,8,5,8,8,8,4,4,8,8,8,8,4,8,8,8,8,8,5,5,8,8,4,8,8,8,8,8
KHM,5,5,8,5,8,8,8,4,8,8,8,8,8,8,5,8,8,8,5,4,8,8,8,8,8,8,5,8,8,8,8,8,8,8,8,8,8,8,5,4,8,8,8,8,8,8,5,8,8,8,8,8,5,8,8,5,8,8,8,4,8,8,5,8,8,8,5,4,8,5,8,8,8,8,8,8,8,8,8,8,8,8,8,8,8,8,8,8,8,8,8,8,5,5,8,8,8,5,5,8,5,5,8,8,8,8,8,8,0,8,5,8,8,2,5,8,8,8,4,8,8,8,8,8,8,8,8,5,8,8,8,8,0,8,5,8,8,8,8,5,8,8,2,8,8,5,8,8,8,8,8,8,8,8,5,8,8,0,2,8,2,8,5,8,8,8,8,5,8,5,8,8,8,4,4,8,8,8,8,4,8,8,8,8,8,5,5,8,8,4,8,8,8,8,8
KIR,3,5,5,5,5,5,5,4,5,5,5,5,5,5,5,5,5,5,5,4,5,5,5,5,5,5,5,5,5,5,5,5,5,5,5,5,5,5,5,4,5,5,5,5,5,5,5,5,5,5,5,5,5,5,5,5,5,5,5,4,5,5,5,5,5,5,5,4,5,5,5,5,5,5,5,5,5,5,5,5,5,5,5,5,5,5,5,5,5,5,5,5,5,5,5,5,5,5,4,5,5,4,5,5,5,5,5,5,0,5,5,5,5,2,5,5,5,5,4,5,5,5,5,5,5,5,5,5,5,5,5,5,0,5,5,5,5,5,5,4,5,5,2,5,5,5,5,5,5,5,5,5,5,5,5,5,5,0,2,5,2,5,5,5,5,5,5,5,5,5,5,5,5,4,4,5,5,5,5,4,5,5,5,5,5,5,5,5,5,4,5,5,5,5,5
KNA,3,5,5,5,5,5,5,4,5,5,5,5,5,5,5,5,5,5,5,4,5,5,5,5,5,5,5,5,5,5,5,5,5,5,5,5,5,5,5,4,5,5,5,5,5,5,5,5,5,5,5,5,5,5,5,5,5,5,5,4,5,5,5,5,5,5,5,4,5,5,5,5,5,5,5,5,5,5,5,5,5,5,5,5,5,5,5,5,5,5,5,5,5,5,5,5,5,5,4,5,5,4,5,5,5,5,5,5,0,5,5,5,5,2,5,5,5,5,4,5,5,5,5,5,5,5,5,5,5,5,5,5,0,5,5,5,5,5,5,4,5,5,2,5,5,5,5,5,5,5,5,5,5,5,5,5,5,0,2,5,2,5,5,5,5,5,5,5,5,5,5,5,5,4,4,5,5,5,5,4,5,5,5,5,5,5,5,5,5,4,5,5,5,5,5
KOR,5,5,8,5,8,8,8,4,8,8,8,8,8,8,5,8,8,8,5,4,8,8,8,8,8,8,5,8,8,8,8,8,8,8,8,8,8,8,5,4,8,8,8,8,8,8,5,8,8,8,8,8,5,8,8,5,8,8,8,4,8,8,5,8,8,8,5,4,8,5,8,8,8,8,8,8,8,8,8,8,8,8,8,8,8,8,8,8,8,8,8,8,5,5,8,8,8,5,5,8,5,5,8,8,8,8,8,8,0,8,5,8,8,2,5,8,8,8,4,8,8,8,8,8,8,8,8,5,8,8,8,8,0,8,5,8,8,8,8,5,8,8,2,8,8,5,8,8,8,8,8,8,8,8,5,8,8,0,2,8,2,8,5,8,8,8,8,5,8,5,8,8,8,4,4,8,8,8,8,4,8,8,8,8,8,5,5,8,8,4,8,8,8,8,8
KWT,5,5,8,5,8,8,8,4,8,8,8,8,8,8,5,8,8,8,5,4,8,8,8,8,8,8,5,8,8,8,8,8,8,8,8,8,8,8,5,4,8,8,8,8,8,8,5,8,8,8,8,8,5,8,8,5,8,8,8,4,8,8,5,8,8,8,5,4,8,5,8,8,8,8,8,8,8,8,8,8,8,8,8,8,8,8,8,8,8,8,8,8,5,5,8,8,8,5,5,8,5,5,8,8,8,8,8,8,0,8,5,8,8,2,5,8,8,8,4,8,8,8,8,8,8,8,8,5,8,8,8,8,0,8,5,8,8,8,8,5,8,8,2,8,8,5,8,8,8,8,8,8,8,8,5,8,8,0,2,8,2,8,5,8,8,8,8,5,8,5,8,8,8,4,4,8,8,8,8,4,8,8,8,8,8,5,5,8,8,4,8,8,8,8,8
LAO,5,5,8,5,8,8,8,4,8,8,8,8,8,8,5,8,8,8,5,4,8,8,8,8,8,8,5,8,8,8,8,8,8,8,8,8,8,8,5,4,8,8,8,8,8,8,5,8,8,8,8,8,5,8,8,5,8,8,8,4,8,8,5,8,8,8,5,4,8,5,8,8,8,8,8,8,8,8,8,8,8,8,8,8,8,8,8,8,8,8,8,8,5,5,8,8,8,5,5,8,5,5,8,8,8,8,8,8,0,8,5,8,8,2,5,8,8,8,4,8,8,8,8,8,8,8,8,5,8,8,8,8,0,8,5,8,8,8,8,5,8,8,2,8,8,5,8,8,8,8,8,8,8,8,5,8,8,0,2,8,2,8,5,8,8,8,8,5,8,5,8,8,8,4,4,8,8,8,8,4,8,8,8,8,8,5,5,8,8,4,8,8,8,8,8
LBN,3,5,5,5,5,5,5,4,5,5,5,5,5,5,5,5,5,5,5,4,5,5,5,5,5,5,5,5,5,5,5,5,5,5,5,5,5,5,5,4,5,5,5,5,5,5,5,5,5,5,5,5,5,5,5,5,5,5,5,4,5,5,5,5,5,5,5,4,5,5,5,5,5,5,5,5,5,5,5,5,5,5,5,5,5,5,5,5,5,5,5,5,5,5,5,5,5,5,4,5,5,4,5,5,5,5,5,5,0,5,5,5,5,2,5,5,5,5,4,5,5,5,5,5,5,5,5,5,5,5,5,5,0,5,5,5,5,5,5,4,5,5,2,5,5,5,5,5,5,5,5,5,5,5,5,5,5,0,2,5,2,5,5,5,5,5,5,5,5,5,5,5,5,4,4,5,5,5,5,4,5,5,5,5,5,5,5,5,5,4,5,5,5,5,5
LBR,3,4,5,4,5,5,5,4,5,5,5,5,5,5,4,5,5,5,4,4,5,5,5,5,5,5,4,5,5,5,5,5,5,5,5,5,5,5,4,4,5,5,5,5,5,5,4,5,5,5,5,5,4,5,5,4,5,5,5,4,5,5,4,5,5,5,4,4,5,4,5,5,5,5,5,5,5,5,5,5,5,5,5,5,5,5,5,5,5,5,5,5,4,4,5,5,5,4,5,5,4,5,5,5,5,5,5,5,0,5,4,5,5,2,4,5,5,5,4,5,5,5,5,5,5,5,5,4,5,5,5,5,0,5,4,5,5,5,5,5,5,5,2,5,5,4,5,5,5,5,5,5,5,5,4,5,5,0,2,5,2,5,4,5,5,5,5,4,5,4,5,5,5,4,4,5,5,5,5,4,5,5,5,5,5,4,4,5,5,4,5,5,5,5,5
LBY,5,5,8,5,8,8,8,4,8,8,8,8,8,8,5,8,8,8,5,4,8,8,8,8,8,8,5,8,8,8,8,8,8,8,8,8,8,8,5,4,8,8,8,8,8,8,5,8,8,8,8,8,5,8,8,5,8,8,8,4,8,8,5,8,8,8,5,4,8,5,8,8,8,8,8,8,8,8,8,8,8,8,8,8,8,8,8,8,8,8,8,8,5,5,8,8,8,5,5,8,5,5,8,8,8,8,8,8,0,8,5,8,8,2,5,8,8,8,4,8,8,8,8,8,8,8,8,5,8,8,8,8,0,8,5,8,8,8,8,5,8,8,2,8,8,5,8,8,8,8,8,8,8,8,5,8,8,0,2,8,2,8,5,8,8,8,8,5,8,5,8,8,8,4,4,8,8,8,8,4,8,8,8,8,8,5,5,8,8,4,8,8,8,8,8
LCA,3,5,5,5,5,5,5,4,5,5,5,5,5,5,5,5,5,5,5,4,5,5,5,5,5,5,5,5,5,5,5,5,5,5,5,5,5,5,5,4,5,5,5,5,5,5,5,5,5,5,5,5,5,5,5,5,5,5,5,4,5,5,5,5,5,5,5,4,5,5,5,5,5,5,5,5,5,5,5,5,5,5,5,5,5,5,5,5,5,5,5,5,5,5,5,5,5,5,4,5,5,4,5,5,5,5,5,5,0,5,5,5,5,2,5,5,5,5,4,5,5,5,5,5,5,5,5,5,5,5,5,5,0,5,5,5,5,5,5,4,5,5,2,5,5,5,5,5,5,5,5,5,5,5,5,5,5,0,2,5,2,5,5,5,5,5,5,5,5,5,5,5,5,4,4,5,5,5,5,4,5,5,5,5,5,5,5,5,5,4,5,5,5,5,5
LIE,3,4,5,4,5,5,5,4,5,5,5,5,5,5,4,5,5,5,4,4,5,5,5,5,5,5,4,5,5,5,5,5,5,5,5,5,5,5,4,4,5,5,5,5,5,5,4,5,5,5,5,5,4,5,5,4,5,5,5,4,5,5,4,5,5,5,4,4,5,4,5,5,5,5,5,5,5,5,5,5,5,5,5,5,5,5,5,5,5,5,5,5,4,4,5,5,5,4,5,5,4,5,5,5,5,5,5,5,0,5,4,5,5,2,4,5,5,5,4,5,5,5,5,5,5,5,5,4,5,5,5,5,0,5,4,5,5,5,5,5,5,5,2,5,5,4,5,5,5,5,5,5,5,5,4,5,5,0,2,5,2,5,4,5,5,5,5,4,5,4,5,5,5,4,4,5,5,5,5,4,5,5,5,5,5,4,4,5,5,4,5,5,5,5,5
LKA,5,5,8,5,8,8,8,4,8,8,8,8,8,8,5,8,8,8,5,4,8,8,8,8,8,8,5,8,8,8,8,8,8,8,8,8,8,8,5,4,8,8,8,8,8,8,5,8,8,8,8,8,5,8,8,5,8,8,8,4,8,8,5,8,8,8,5,4,8,5,8,8,8,8,8,8,8,8,8,8,8,8,8,8,8,8,8,8,8,8,8,8,5,5,8,8,8,5,5,8,5,5,8,8,8,8,8,8,0,8,5,8,8,2,5,8,8,8,4,8,8,8,8,8,8,8,8,5,8,8,8,8,0,8,5,8,8,8,8,5,8,8,2,8,8,5,8,8,8,8,8,8,8,8,5,8,8,0,2,8,2,8,5,8,8,8,8,5,8,5,8,8,8,4,4,8,8,8,8,4,8,8,8,8,8,5,5,8,8,4,8,8,8,8,8
LSO,5,5,8,5,8,8,8,4,8,8,8,8,8,8,5,8,8,8,5,4,8,8,8,8,8,8,5,8,8,8,8,8,8,8,8,8,8,8,5,4,8,8,8,8,8,8,5,8,8,8,8,8,5,8,8,5,8,8,8,4,8,8,5,8,8,8,5,4,8,5,8,8,8,8,8,8,8,8,8,8,8,8,8,8,8,8,8,8,8,8,8,8,5,5,8,8,8,5,5,8,5,5,8,8,8,8,8,8,0,8,5,8,8,2,5,8,8,8,4,8,8,8,8,8,8,8,8,5,8,8,8,8,0,8,5,8,8,8,8,5,8,8,2,8,8,5,8,8,8,8,8,8,8,8,5,8,8,0,2,8,2,8,5,8,8,8,8,5,8,5,8,8,8,4,4,8,8,8,8,4,8,8,8,8,8,5,5,8,8,4,8,8,8,8,8
LTU,5,5,8,5,8,8,8,4,8,8,8,8,8,8,5,8,8,8,5,4,8,8,8,8,8,8,5,8,8,8,8,8,8,8,8,8,8,8,5,4,8,8,8,8,8,8,5,8,8,8,8,8,5,8,8,5,8,8,8,4,8,8,5,8,8,8,5,4,8,5,8,8,8,8,8,8,8,8,8,8,8,8,8,8,8,8,8,8,8,8,8,8,5,5,8,8,8,5,5,8,5,5,8,8,8,8,8,8,0,8,5,8,8,2,5,8,8,8,4,8,8,8,8,8,8,8,8,5,8,8,8,8,0,8,5,8,8,8,8,5,8,8,2,8,8,5,8,8,8,8,8,8,8,8,5,8,8,0,2,8,2,8,5,8,8,8,8,5,8,5,8,8,8,4,4,8,8,8,8,4,8,8,8,8,8,5,5,8,8,4,8,8,8,8,8
LUX,5,5,8,5,8,8,8,4,8,8,8,8,8,8,5,8,8,8,5,4,8,8,8,8,8,8,5,8,8,8,8,8,8,8,8,8,8,8,5,4,8,8,8,8,8,8,5,8,8,8,8,8,5,8,8,5,8,8,8,4,8,8,5,8,8,8,5,4,8,5,8,8,8,8,8,8,8,8,8,8,8,8,8,8,8,8,8,8,8,8,8,8,5,5,8,8,8,5,5,8,5,5,8,8,8,8,8,8,0,8,5,8,8,2,5,8,8,8,4,8,8,8,8,8,8,8,8,5,8,8,8,8,0,8,5,8,8,8,8,5,8,8,2,8,8,5,8,8,8,8,8,8,8,8,5,8,8,0,2,8,2,8,5,8,8,8,8,5,8,5,8,8,8,4,4,8,8,8,8,4,8,8,8,8,8,5,5,8,8,4,8,8,8,8,8
LVA,5,5,8,5,8,8,8,4,8,8,8,8,8,8,5,8,8,8,5,4,8,8,8,8,8,8,5,8,8,8,8,8,8,8,8,8,8,8,5,4,8,8,8,8,8,8,5,8,8,8,8,8,5,8,8,5,8,8,8,4,8,8,5,8,8,8,5,4,8,5,8,8,8,8,8,8,8,8,8,8,8,8,8,8,8,8,8,8,8,8,8,8,5,5,8,8,8,5,5,8,5,5,8,8,8,8,8,8,0,8,5,8,8,2,5,8,8,8,4,8,8,8,8,8,8,8,8,5,8,8,8,8,0,8,5,8,8,8,8,5,8,8,2,8,8,5,8,8,8,8,8,8,8,8,5,8,8,0,2,8,2,8,5,8,8,8,8,5,8,5,8,8,8,4,4,8,8,8,8,4,8,8,8,8,8,5,5,8,8,4,8,8,8,8,8
MAR,5,5,8,5,8,8,8,4,8,8,8,8,8,8,5,8,8,8,5,4,8,8,8,8,8,8,5,8,8,8,8,8,8,8,8,8,8,8,5,4,8,8,8,8,8,8,5,8,8,8,8,8,5,8,8,5,8,8,8,4,8,8,5,8,8,8,5,4,8,5,8,8,8,8,8,8,8,8,8,8,8,8,8,8,8,8,8,8,8,8,8,8,5,5,8,8,8,5,5,8,5,5,8,8,8,8,8,8,0,8,5,8,8,2,5,8,8,8,4,8,8,8,8,8,8,8,8,5,8,8,8,8,0,8,5,8,8,8,8,5,8,8,2,8,8,5,8,8,8,8,8,8,8,8,5,8,8,0,2,8,2,8,5,8,8,8,8,5,8,5,8,8,8,4,4,8,8,8,8,4,8,8,8,8,8,5,5,8,8,4,8,8,8,8,8
MCO,0,0,0,0,0,0,0,0,0,0,0,0,0,0,0,0,0,0,0,0,0,0,0,0,0,0,0,0,0,0,0,0,0,0,0,0,0,0,0,0,0,0,0,0,0,0,0,0,0,0,0,0,0,0,0,0,0,0,0,0,0,0,0,0,0,0,0,0,0,0,0,0,0,0,0,0,0,0,0,0,0,0,0,0,0,0,0,0,0,0,0,0,0,0,0,0,0,0,0,0,0,0,0,0,0,0,0,0,0,0,0,0,0,0,0,0,0,0,0,0,0,0,0,0,0,0,0,0,0,0,0,0,0,0,0,0,0,0,0,0,0,0,0,0,0,0,0,0,0,0,0,0,0,0,0,0,0,0,0,0,0,0,0,0,0,0,0,0,0,0,0,0,0,0,0,0,0,0,0,0,0,0,0,0,0,0,0,0,0,0,0,0,0,0,0
MDA,5,5,8,5,8,8,8,4,8,8,8,8,8,8,5,8,8,8,5,4,8,8,8,8,8,8,5,8,8,8,8,8,8,8,8,8,8,8,5,4,8,8,8,8,8,8,5,8,8,8,8,8,5,8,8,5,8,8,8,4,8,8,5,8,8,8,5,4,8,5,8,8,8,8,8,8,8,8,8,8,8,8,8,8,8,8,8,8,8,8,8,8,5,5,8,8,8,5,5,8,5,5,8,8,8,8,8,8,0,8,5,8,8,2,5,8,8,8,4,8,8,8,8,8,8,8,8,5,8,8,8,8,0,8,5,8,8,8,8,5,8,8,2,8,8,5,8,8,8,8,8,8,8,8,5,8,8,0,2,8,2,8,5,8,8,8,8,5,8,5,8,8,8,4,4,8,8,8,8,4,8,8,8,8,8,5,5,8,8,4,8,8,8,8,8
MDG,3,5,5,5,5,5,5,4,5,5,5,5,5,5,5,5,5,5,5,4,5,5,5,5,5,5,5,5,5,5,5,5,5,5,5,5,5,5,5,4,5,5,5,5,5,5,5,5,5,5,5,5,5,5,5,5,5,5,5,4,5,5,5,5,5,5,5,4,5,5,5,5,5,5,5,5,5,5,5,5,5,5,5,5,5,5,5,5,5,5,5,5,5,5,5,5,5,5,4,5,5,4,5,5,5,5,5,5,0,5,5,5,5,2,5,5,5,5,4,5,5,5,5,5,5,5,5,5,5,5,5,5,0,5,5,5,5,5,5,4,5,5,2,5,5,5,5,5,5,5,5,5,5,5,5,5,5,0,2,5,2,5,5,5,5,5,5,5,5,5,5,5,5,4,4,5,5,5,5,4,5,5,5,5,5,5,5,5,5,4,5,5,5,5,5
MDV,5,5,8,5,8,8,8,4,8,8,8,8,8,8,5,8,8,8,5,4,8,8,8,8,8,8,5,8,8,8,8,8,8,8,8,8,8,8,5,4,8,8,8,8,8,8,5,8,8,8,8,8,5,8,8,5,8,8,8,4,8,8,5,8,8,8,5,4,8,5,8,8,8,8,8,8,8,8,8,8,8,8,8,8,8,8,8,8,8,8,8,8,5,5,8,8,8,5,5,8,5,5,8,8,8,8,8,8,0,8,5,8,8,2,5,8,8,8,4,8,8,8,8,8,8,8,8,5,8,8,8,8,0,8,5,8,8,8,8,5,8,8,2,8,8,5,8,8,8,8,8,8,8,8,5,8,8,0,2,8,2,8,5,8,8,8,8,5,8,5,8,8,8,4,4,8,8,8,8,4,8,8,8,8,8,5,5,8,8,4,8,8,8,8,8
MEX,5,5,8,5,8,8,8,4,8,8,8,8,8,8,5,8,8,8,5,4,8,8,8,8,8,8,5,8,8,8,8,8,8,8,8,8,8,8,5,4,8,8,8,8,8,8,5,8,8,8,8,8,5,8,8,5,8,8,8,4,8,8,5,8,8,8,5,4,8,5,8,8,8,8,8,8,8,8,8,8,8,8,8,8,8,8,8,8,8,8,8,8,5,5,8,8,8,5,5,8,5,5,8,8,8,8,8,8,0,8,5,8,8,2,5,8,8,8,4,8,8,8,8,8,8,8,8,5,8,8,8,8,0,8,5,8,8,8,8,5,8,8,2,8,8,5,8,8,8,8,8,8,8,8,5,8,8,0,2,8,2,8,5,8,8,8,8,5,8,5,8,8,8,4,4,8,8,8,8,4,8,8,8,8,8,5,5,8,8,4,8,8,8,8,8
MHL,0,2,2,2,2,2,2,2,2,2,2,2,2,2,2,2,2,2,2,2,2,2,2,2,2,2,2,2,2,2,2,2,2,2,2,2,2,2,2,2,2,2,2,2,2,2,2,2,2,2,2,2,2,2,2,2,2,2,2,2,2,2,2,2,2,2,2,2,2,2,2,2,2,2,2,2,2,2,2,2,2,2,2,2,2,2,2,2,2,2,2,2,2,2,2,2,2,2,2,2,2,2,2,2,2,2,2,2,0,2,2,2,2,2,2,2,2,2,2,2,2,2,2,2,2,2,2,2,2,2,2,2,0,2,2,2,2,2,2,2,2,2,0,2,2,2,2,2,2,2,2,2,2,2,2,2,2,0,0,2,0,2,2,2,2,2,2,2,2,2,2,2,2,2,2,2,2,2,2,2,2,2,2,2,2,2,2,2,2,2,2,2,2,2,2
MKD,3,5,5,5,5,5,5,4,5,5,5,5,5,5,5,5,5,5,5,4,5,5,5,5,5,5,5,5,5,5,5,5,5,5,5,5,5,5,5,4,5,5,5,5,5,5,5,5,5,5,5,5,5,5,5,5,5,5,5,4,5,5,5,5,5,5,5,4,5,5,5,5,5,5,5,5,5,5,5,5,5,5,5,5,5,5,5,5,5,5,5,5,5,5,5,5,5,5,4,5,5,4,5,5,5,5,5,5,0,5,5,5,5,2,5,5,5,5,4,5,5,5,5,5,5,5,5,5,5,5,5,5,0,5,5,5,5,5,5,4,5,5,2,5,5,5,5,5,5,5,5,5,5,5,5,5,5,0,2,5,2,5,5,5,5,5,5,5,5,5,5,5,5,4,4,5,5,5,5,4,5,5,5,5,5,5,5,5,5,4,5,5,5,5,5
MLI,5,5,8,5,8,8,8,4,8,8,8,8,8,8,5,8,8,8,5,4,8,8,8,8,8,8,5,8,8,8,8,8,8,8,8,8,8,8,5,4,8,8,8,8,8,8,5,8,8,8,8,8,5,8,8,5,8,8,8,4,8,8,5,8,8,8,5,4,8,5,8,8,8,8,8,8,8,8,8,8,8,8,8,8,8,8,8,8,8,8,8,8,5,5,8,8,8,5,5,8,5,5,8,8,8,8,8,8,0,8,5,8,8,2,5,8,8,8,4,8,8,8,8,8,8,8,8,5,8,8,8,8,0,8,5,8,8,8,8,5,8,8,2,8,8,5,8,8,8,8,8,8,8,8,5,8,8,0,2,8,2,8,5,8,8,8,8,5,8,5,8,8,8,4,4,8,8,8,8,4,8,8,8,8,8,5,5,8,8,4,8,8,8,8,8
MLT,5,5,8,5,8,8,8,4,8,8,8,8,8,8,5,8,8,8,5,4,8,8,8,8,8,8,5,8,8,8,8,8,8,8,8,8,8,8,5,4,8,8,8,8,8,8,5,8,8,8,8,8,5,8,8,5,8,8,8,4,8,8,5,8,8,8,5,4,8,5,8,8,8,8,8,8,8,8,8,8,8,8,8,8,8,8,8,8,8,8,8,8,5,5,8,8,8,5,5,8,5,5,8,8,8,8,8,8,0,8,5,8,8,2,5,8,8,8,4,8,8,8,8,8,8,8,8,5,8,8,8,8,0,8,5,8,8,8,8,5,8,8,2,8,8,5,8,8,8,8,8,8,8,8,5,8,8,0,2,8,2,8,5,8,8,8,8,5,8,5,8,8,8,4,4,8,8,8,8,4,8,8,8,8,8,5,5,8,8,4,8,8,8,8,8
MMR,5,5,8,5,8,8,8,4,8,8,8,8,8,8,5,8,8,8,5,4,8,8,8,8,8,8,5,8,8,8,8,8,8,8,8,8,8,8,5,4,8,8,8,8,8,8,5,8,8,8,8,8,5,8,8,5,8,8,8,4,8,8,5,8,8,8,5,4,8,5,8,8,8,8,8,8,8,8,8,8,8,8,8,8,8,8,8,8,8,8,8,8,5,5,8,8,8,5,5,8,5,5,8,8,8,8,8,8,0,8,5,8,8,2,5,8,8,8,4,8,8,8,8,8,8,8,8,5,8,8,8,8,0,8,5,8,8,8,8,5,8,8,2,8,8,5,8,8,8,8,8,8,8,8,5,8,8,0,2,8,2,8,5,8,8,8,8,5,8,5,8,8,8,4,4,8,8,8,8,4,8,8,8,8,8,5,5,8,8,4,8,8,8,8,8
MNE,2,4,4,4,4,4,4,4,4,4,4,4,4,4,4,4,4,4,4,4,4,4,4,4,4,4,4,4,4,4,4,4,4,4,4,4,4,4,4,4,4,4,4,4,4,4,4,4,4,4,4,4,4,4,4,4,4,4,4,4,4,4,4,4,4,4,4,4,4,4,4,4,4,4,4,4,4,4,4,4,4,4,4,4,4,4,4,4,4,4,4,4,4,4,4,4,4,4,4,4,4,4,4,4,4,4,4,4,0,4,4,4,4,2,4,4,4,4,4,4,4,4,4,4,4,4,4,4,4,4,4,4,0,4,4,4,4,4,4,4,4,4,2,4,4,4,4,4,4,4,4,4,4,4,4,4,4,0,2,4,2,4,4,4,4,4,4,4,4,4,4,4,4,4,4,4,4,4,4,4,4,4,4,4,4,4,4,4,4,4,4,4,4,4,4
MNG,5,5,8,5,8,8,8,4,8,8,8,8,8,8,5,8,8,8,5,4,8,8,8,8,8,8,5,8,8,8,8,8,8,8,8,8,8,8,5,4,8,8,8,8,8,8,5,8,8,8,8,8,5,8,8,5,8,8,8,4,8,8,5,8,8,8,5,4,8,5,8,8,8,8,8,8,8,8,8,8,8,8,8,8,8,8,8,8,8,8,8,8,5,5,8,8,8,5,5,8,5,5,8,8,8,8,8,8,0,8,5,8,8,2,5,8,8,8,4,8,8,8,8,8,8,8,8,5,8,8,8,8,0,8,5,8,8,8,8,5,8,8,2,8,8,5,8,8,8,8,8,8,8,8,5,8,8,0,2,8,2,8,5,8,8,8,8,5,8,5,8,8,8,4,4,8,8,8,8,4,8,8,8,8,8,5,5,8,8,4,8,8,8,8,8
MOZ,5,5,8,5,8,8,8,4,8,8,8,8,8,8,5,8,8,8,5,4,8,8,8,8,8,8,5,8,8,8,8,8,8,8,8,8,8,8,5,4,8,8,8,8,8,8,5,8,8,8,8,8,5,8,8,5,8,8,8,4,8,8,5,8,8,8,5,4,8,5,8,8,8,8,8,8,8,8,8,8,8,8,8,8,8,8,8,8,8,8,8,8,5,5,8,8,8,5,5,8,5,5,8,8,8,8,8,8,0,8,5,8,8,2,5,8,8,8,4,8,8,8,8,8,8,8,8,5,8,8,8,8,0,8,5,8,8,8,8,5,8,8,2,8,8,5,8,8,8,8,8,8,8,8,5,8,8,0,2,8,2,8,5,8,8,8,8,5,8,5,8,8,8,4,4,8,8,8,8,4,8,8,8,8,8,5,5,8,8,4,8,8,8,8,8
MRT,5,5,8,5,8,8,8,4,8,8,8,8,8,8,5,8,8,8,5,4,8,8,8,8,8,8,5,8,8,8,8,8,8,8,8,8,8,8,5,4,8,8,8,8,8,8,5,8,8,8,8,8,5,8,8,5,8,8,8,4,8,8,5,8,8,8,5,4,8,5,8,8,8,8,8,8,8,8,8,8,8,8,8,8,8,8,8,8,8,8,8,8,5,5,8,8,8,5,5,8,5,5,8,8,8,8,8,8,0,8,5,8,8,2,5,8,8,8,4,8,8,8,8,8,8,8,8,5,8,8,8,8,0,8,5,8,8,8,8,5,8,8,2,8,8,5,8,8,8,8,8,8,8,8,5,8,8,0,2,8,2,8,5,8,8,8,8,5,8,5,8,8,8,4,4,8,8,8,8,4,8,8,8,8,8,5,5,8,8,4,8,8,8,8,8
MUS,5,5,8,5,8,8,8,4,8,8,8,8,8,8,5,8,8,8,5,4,8,8,8,8,8,8,5,8,8,8,8,8,8,8,8,8,8,8,5,4,8,8,8,8,8,8,5,8,8,8,8,8,5,8,8,5,8,8,8,4,8,8,5,8,8,8,5,4,8,5,8,8,8,8,8,8,8,8,8,8,8,8,8,8,8,8,8,8,8,8,8,8,5,5,8,8,8,5,5,8,5,5,8,8,8,8,8,8,0,8,5,8,8,2,5,8,8,8,4,8,8,8,8,8,8,8,8,5,8,8,8,8,0,8,5,8,8,8,8,5,8,8,2,8,8,5,8,8,8,8,8,8,8,8,5,8,8,0,2,8,2,8,5,8,8,8,8,5,8,5,8,8,8,4,4,8,8,8,8,4,8,8,8,8,8,5,5,8,8,4,8,8,8,8,8
MWI,5,5,8,5,8,8,8,4,8,8,8,8,8,8,5,8,8,8,5,4,8,8,8,8,8,8,5,8,8,8,8,8,8,8,8,8,8,8,5,4,8,8,8,8,8,8,5,8,8,8,8,8,5,8,8,5,8,8,8,4,8,8,5,8,8,8,5,4,8,5,8,8,8,8,8,8,8,8,8,8,8,8,8,8,8,8,8,8,8,8,8,8,5,5,8,8,8,5,5,8,5,5,8,8,8,8,8,8,0,8,5,8,8,2,5,8,8,8,4,8,8,8,8,8,8,8,8,5,8,8,8,8,0,8,5,8,8,8,8,5,8,8,2,8,8,5,8,8,8,8,8,8,8,8,5,8,8,0,2,8,2,8,5,8,8,8,8,5,8,5,8,8,8,4,4,8,8,8,8,4,8,8,8,8,8,5,5,8,8,4,8,8,8,8,8
MYS,5,5,8,5,8,8,8,4,8,8,8,8,8,8,5,8,8,8,5,4,8,8,8,8,8,8,5,8,8,8,8,8,8,8,8,8,8,8,5,4,8,8,8,8,8,8,5,8,8,8,8,8,5,8,8,5,8,8,8,4,8,8,5,8,8,8,5,4,8,5,8,8,8,8,8,8,8,8,8,8,8,8,8,8,8,8,8,8,8,8,8,8,5,5,8,8,8,5,5,8,5,5,8,8,8,8,8,8,0,8,5,8,8,2,5,8,8,8,4,8,8,8,8,8,8,8,8,5,8,8,8,8,0,8,5,8,8,8,8,5,8,8,2,8,8,5,8,8,8,8,8,8,8,8,5,8,8,0,2,8,2,8,5,8,8,8,8,5,8,5,8,8,8,4,4,8,8,8,8,4,8,8,8,8,8,5,5,8,8,4,8,8,8,8,8
NAM,5,5,8,5,8,8,8,4,8,8,8,8,8,8,5,8,8,8,5,4,8,8,8,8,8,8,5,8,8,8,8,8,8,8,8,8,8,8,5,4,8,8,8,8,8,8,5,8,8,8,8,8,5,8,8,5,8,8,8,4,8,8,5,8,8,8,5,4,8,5,8,8,8,8,8,8,8,8,8,8,8,8,8,8,8,8,8,8,8,8,8,8,5,5,8,8,8,5,5,8,5,5,8,8,8,8,8,8,0,8,5,8,8,2,5,8,8,8,4,8,8,8,8,8,8,8,8,5,8,8,8,8,0,8,5,8,8,8,8,5,8,8,2,8,8,5,8,8,8,8,8,8,8,8,5,8,8,0,2,8,2,8,5,8,8,8,8,5,8,5,8,8,8,4,4,8,8,8,8,4,8,8,8,8,8,5,5,8,8,4,8,8,8,8,8
NER,5,5,8,5,8,8,8,4,8,8,8,8,8,8,5,8,8,8,5,4,8,8,8,8,8,8,5,8,8,8,8,8,8,8,8,8,8,8,5,4,8,8,8,8,8,8,5,8,8,8,8,8,5,8,8,5,8,8,8,4,8,8,5,8,8,8,5,4,8,5,8,8,8,8,8,8,8,8,8,8,8,8,8,8,8,8,8,8,8,8,8,8,5,5,8,8,8,5,5,8,5,5,8,8,8,8,8,8,0,8,5,8,8,2,5,8,8,8,4,8,8,8,8,8,8,8,8,5,8,8,8,8,0,8,5,8,8,8,8,5,8,8,2,8,8,5,8,8,8,8,8,8,8,8,5,8,8,0,2,8,2,8,5,8,8,8,8,5,8,5,8,8,8,4,4,8,8,8,8,4,8,8,8,8,8,5,5,8,8,4,8,8,8,8,8
NGA,3,5,5,5,5,5,5,4,5,5,5,5,5,5,5,5,5,5,5,4,5,5,5,5,5,5,5,5,5,5,5,5,5,5,5,5,5,5,5,4,5,5,5,5,5,5,5,5,5,5,5,5,5,5,5,5,5,5,5,4,5,5,5,5,5,5,5,4,5,5,5,5,5,5,5,5,5,5,5,5,5,5,5,5,5,5,5,5,5,5,5,5,5,5,5,5,5,5,4,5,5,4,5,5,5,5,5,5,0,5,5,5,5,2,5,5,5,5,4,5,5,5,5,5,5,5,5,5,5,5,5,5,0,5,5,5,5,5,5,4,5,5,2,5,5,5,5,5,5,5,5,5,5,5,5,5,5,0,2,5,2,5,5,5,5,5,5,5,5,5,5,5,5,4,4,5,5,5,5,4,5,5,5,5,5,5,5,5,5,4,5,5,5,5,5
NIC,5,5,8,5,8,8,8,4,8,8,8,8,8,8,5,8,8,8,5,4,8,8,8,8,8,8,5,8,8,8,8,8,8,8,8,8,8,8,5,4,8,8,8,8,8,8,5,8,8,8,8,8,5,8,8,5,8,8,8,4,8,8,5,8,8,8,5,4,8,5,8,8,8,8,8,8,8,8,8,8,8,8,8,8,8,8,8,8,8,8,8,8,5,5,8,8,8,5,5,8,5,5,8,8,8,8,8,8,0,8,5,8,8,2,5,8,8,8,4,8,8,8,8,8,8,8,8,5,8,8,8,8,0,8,5,8,8,8,8,5,8,8,2,8,8,5,8,8,8,8,8,8,8,8,5,8,8,0,2,8,2,8,5,8,8,8,8,5,8,5,8,8,8,4,4,8,8,8,8,4,8,8,8,8,8,5,5,8,8,4,8,8,8,8,8
NLD,5,5,8,5,8,8,8,4,8,8,8,8,8,8,5,8,8,8,5,4,8,8,8,8,8,8,5,8,8,8,8,8,8,8,8,8,8,8,5,4,8,8,8,8,8,8,5,8,8,8,8,8,5,8,8,5,8,8,8,4,8,8,5,8,8,8,5,4,8,5,8,8,8,8,8,8,8,8,8,8,8,8,8,8,8,8,8,8,8,8,8,8,5,5,8,8,8,5,5,8,5,5,8,8,8,8,8,8,0,8,5,8,8,2,5,8,8,8,4,8,8,8,8,8,8,8,8,5,8,8,8,8,0,8,5,8,8,8,8,5,8,8,2,8,8,5,8,8,8,8,8,8,8,8,5,8,8,0,2,8,2,8,5,8,8,8,8,5,8,5,8,8,8,4,4,8,8,8,8,4,8,8,8,8,8,5,5,8,8,4,8,8,8,8,8
NOR,5,5,8,5,8,8,8,4,8,8,8,8,8,8,5,8,8,8,5,4,8,8,8,8,8,8,5,8,8,8,8,8,8,8,8,8,8,8,5,4,8,8,8,8,8,8,5,8,8,8,8,8,5,8,8,5,8,8,8,4,8,8,5,8,8,8,5,4,8,5,8,8,8,8,8,8,8,8,8,8,8,8,8,8,8,8,8,8,8,8,8,8,5,5,8,8,8,5,5,8,5,5,8,8,8,8,8,8,0,8,5,8,8,2,5,8,8,8,4,8,8,8,8,8,8,8,8,5,8,8,8,8,0,8,5,8,8,8,8,5,8,8,2,8,8,5,8,8,8,8,8,8,8,8,5,8,8,0,2,8,2,8,5,8,8,8,8,5,8,5,8,8,8,4,4,8,8,8,8,4,8,8,8,8,8,5,5,8,8,4,8,8,8,8,8
NPL,5,5,8,5,8,8,8,4,8,8,8,8,8,8,5,8,8,8,5,4,8,8,8,8,8,8,5,8,8,8,8,8,8,8,8,8,8,8,5,4,8,8,8,8,8,8,5,8,8,8,8,8,5,8,8,5,8,8,8,4,8,8,5,8,8,8,5,4,8,5,8,8,8,8,8,8,8,8,8,8,8,8,8,8,8,8,8,8,8,8,8,8,5,5,8,8,8,5,5,8,5,5,8,8,8,8,8,8,0,8,5,8,8,2,5,8,8,8,4,8,8,8,8,8,8,8,8,5,8,8,8,8,0,8,5,8,8,8,8,5,8,8,2,8,8,5,8,8,8,8,8,8,8,8,5,8,8,0,2,8,2,8,5,8,8,8,8,5,8,5,8,8,8,4,4,8,8,8,8,4,8,8,8,8,8,5,5,8,8,4,8,8,8,8,8
NRU,0,0,0,0,0,0,0,0,0,0,0,0,0,0,0,0,0,0,0,0,0,0,0,0,0,0,0,0,0,0,0,0,0,0,0,0,0,0,0,0,0,0,0,0,0,0,0,0,0,0,0,0,0,0,0,0,0,0,0,0,0,0,0,0,0,0,0,0,0,0,0,0,0,0,0,0,0,0,0,0,0,0,0,0,0,0,0,0,0,0,0,0,0,0,0,0,0,0,0,0,0,0,0,0,0,0,0,0,0,0,0,0,0,0,0,0,0,0,0,0,0,0,0,0,0,0,0,0,0,0,0,0,0,0,0,0,0,0,0,0,0,0,0,0,0,0,0,0,0,0,0,0,0,0,0,0,0,0,0,0,0,0,0,0,0,0,0,0,0,0,0,0,0,0,0,0,0,0,0,0,0,0,0,0,0,0,0,0,0,0,0,0,0,0,0
NZL,5,5,8,5,8,8,8,4,8,8,8,8,8,8,5,8,8,8,5,4,8,8,8,8,8,8,5,8,8,8,8,8,8,8,8,8,8,8,5,4,8,8,8,8,8,8,5,8,8,8,8,8,5,8,8,5,8,8,8,4,8,8,5,8,8,8,5,4,8,5,8,8,8,8,8,8,8,8,8,8,8,8,8,8,8,8,8,8,8,8,8,8,5,5,8,8,8,5,5,8,5,5,8,8,8,8,8,8,0,8,5,8,8,2,5,8,8,8,4,8,8,8,8,8,8,8,8,5,8,8,8,8,0,8,5,8,8,8,8,5,8,8,2,8,8,5,8,8,8,8,8,8,8,8,5,8,8,0,2,8,2,8,5,8,8,8,8,5,8,5,8,8,8,4,4,8,8,8,8,4,8,8,8,8,8,5,5,8,8,4,8,8,8,8,8
OMN,3,5,5,5,5,5,5,4,5,5,5,5,5,5,5,5,5,5,5,4,5,5,5,5,5,5,5,5,5,5,5,5,5,5,5,5,5,5,5,4,5,5,5,5,5,5,5,5,5,5,5,5,5,5,5,5,5,5,5,4,5,5,5,5,5,5,5,4,5,5,5,5,5,5,5,5,5,5,5,5,5,5,5,5,5,5,5,5,5,5,5,5,5,5,5,5,5,5,4,5,5,4,5,5,5,5,5,5,0,5,5,5,5,2,5,5,5,5,4,5,5,5,5,5,5,5,5,5,5,5,5,5,0,5,5,5,5,5,5,4,5,5,2,5,5,5,5,5,5,5,5,5,5,5,5,5,5,0,2,5,2,5,5,5,5,5,5,5,5,5,5,5,5,4,4,5,5,5,5,4,5,5,5,5,5,5,5,5,5,4,5,5,5,5,5
PAK,5,5,8,5,8,8,8,4,8,8,8,8,8,8,5,8,8,8,5,4,8,8,8,8,8,8,5,8,8,8,8,8,8,8,8,8,8,8,5,4,8,8,8,8,8,8,5,8,8,8,8,8,5,8,8,5,8,8,8,4,8,8,5,8,8,8,5,4,8,5,8,8,8,8,8,8,8,8,8,8,8,8,8,8,8,8,8,8,8,8,8,8,5,5,8,8,8,5,5,8,5,5,8,8,8,8,8,8,0,8,5,8,8,2,5,8,8,8,4,8,8,8,8,8,8,8,8,5,8,8,8,8,0,8,5,8,8,8,8,5,8,8,2,8,8,5,8,8,8,8,8,8,8,8,5,8,8,0,2,8,2,8,5,8,8,8,8,5,8,5,8,8,8,4,4,8,8,8,8,4,8,8,8,8,8,5,5,8,8,4,8,8,8,8,8
PAN,5,5,8,5,8,8,8,4,8,8,8,8,8,8,5,8,8,8,5,4,8,8,8,8,8,8,5,8,8,8,8,8,8,8,8,8,8,8,5,4,8,8,8,8,8,8,5,8,8,8,8,8,5,8,8,5,8,8,8,4,8,8,5,8,8,8,5,4,8,5,8,8,8,8,8,8,8,8,8,8,8,8,8,8,8,8,8,8,8,8,8,8,5,5,8,8,8,5,5,8,5,5,8,8,8,8,8,8,0,8,5,8,8,2,5,8,8,8,4,8,8,8,8,8,8,8,8,5,8,8,8,8,0,8,5,8,8,8,8,5,8,8,2,8,8,5,8,8,8,8,8,8,8,8,5,8,8,0,2,8,2,8,5,8,8,8,8,5,8,5,8,8,8,4,4,8,8,8,8,4,8,8,8,8,8,5,5,8,8,4,8,8,8,8,8
PER,5,5,8,5,8,8,8,4,8,8,8,8,8,8,5,8,8,8,5,4,8,8,8,8,8,8,5,8,8,8,8,8,8,8,8,8,8,8,5,4,8,8,8,8,8,8,5,8,8,8,8,8,5,8,8,5,8,8,8,4,8,8,5,8,8,8,5,4,8,5,8,8,8,8,8,8,8,8,8,8,8,8,8,8,8,8,8,8,8,8,8,8,5,5,8,8,8,5,5,8,5,5,8,8,8,8,8,8,0,8,5,8,8,2,5,8,8,8,4,8,8,8,8,8,8,8,8,5,8,8,8,8,0,8,5,8,8,8,8,5,8,8,2,8,8,5,8,8,8,8,8,8,8,8,5,8,8,0,2,8,2,8,5,8,8,8,8,5,8,5,8,8,8,4,4,8,8,8,8,4,8,8,8,8,8,5,5,8,8,4,8,8,8,8,8
PHL,5,5,8,5,8,8,8,4,8,8,8,8,8,8,5,8,8,8,5,4,8,8,8,8,8,8,5,8,8,8,8,8,8,8,8,8,8,8,5,4,8,8,8,8,8,8,5,8,8,8,8,8,5,8,8,5,8,8,8,4,8,8,5,8,8,8,5,4,8,5,8,8,8,8,8,8,8,8,8,8,8,8,8,8,8,8,8,8,8,8,8,8,5,5,8,8,8,5,5,8,5,5,8,8,8,8,8,8,0,8,5,8,8,2,5,8,8,8,4,8,8,8,8,8,8,8,8,5,8,8,8,8,0,8,5,8,8,8,8,5,8,8,2,8,8,5,8,8,8,8,8,8,8,8,5,8,8,0,2,8,2,8,5,8,8,8,8,5,8,5,8,8,8,4,4,8,8,8,8,4,8,8,8,8,8,5,5,8,8,4,8,8,8,8,8
PLW,3,4,5,4,5,5,5,4,5,5,5,5,5,5,4,5,5,5,4,4,5,5,5,5,5,5,4,5,5,5,5,5,5,5,5,5,5,5,4,4,5,5,5,5,5,5,4,5,5,5,5,5,4,5,5,4,5,5,5,4,5,5,4,5,5,5,4,4,5,4,5,5,5,5,5,5,5,5,5,5,5,5,5,5,5,5,5,5,5,5,5,5,4,4,5,5,5,4,5,5,4,5,5,5,5,5,5,5,0,5,4,5,5,2,4,5,5,5,4,5,5,5,5,5,5,5,5,4,5,5,5,5,0,5,4,5,5,5,5,5,5,5,2,5,5,4,5,5,5,5,5,5,5,5,4,5,5,0,2,5,2,5,4,5,5,5,5,4,5,4,5,5,5,4,4,5,5,5,5,4,5,5,5,5,5,4,4,5,5,4,5,5,5,5,5
PNG,5,5,8,5,8,8,8,4,8,8,8,8,8,8,5,8,8,8,5,4,8,8,8,8,8,8,5,8,8,8,8,8,8,8,8,8,8,8,5,4,8,8,8,8,8,8,5,8,8,8,8,8,5,8,8,5,8,8,8,4,8,8,5,8,8,8,5,4,8,5,8,8,8,8,8,8,8,8,8,8,8,8,8,8,8,8,8,8,8,8,8,8,5,5,8,8,8,5,5,8,5,5,8,8,8,8,8,8,0,8,5,8,8,2,5,8,8,8,4,8,8,8,8,8,8,8,8,5,8,8,8,8,0,8,5,8,8,8,8,5,8,8,2,8,8,5,8,8,8,8,8,8,8,8,5,8,8,0,2,8,2,8,5,8,8,8,8,5,8,5,8,8,8,4,4,8,8,8,8,4,8,8,8,8,8,5,5,8,8,4,8,8,8,8,8
POL,5,5,8,5,8,8,8,4,8,8,8,8,8,8,5,8,8,8,5,4,8,8,8,8,8,8,5,8,8,8,8,8,8,8,8,8,8,8,5,4,8,8,8,8,8,8,5,8,8,8,8,8,5,8,8,5,8,8,8,4,8,8,5,8,8,8,5,4,8,5,8,8,8,8,8,8,8,8,8,8,8,8,8,8,8,8,8,8,8,8,8,8,5,5,8,8,8,5,5,8,5,5,8,8,8,8,8,8,0,8,5,8,8,2,5,8,8,8,4,8,8,8,8,8,8,8,8,5,8,8,8,8,0,8,5,8,8,8,8,5,8,8,2,8,8,5,8,8,8,8,8,8,8,8,5,8,8,0,2,8,2,8,5,8,8,8,8,5,8,5,8,8,8,4,4,8,8,8,8,4,8,8,8,8,8,5,5,8,8,4,8,8,8,8,8
PRK,2,2,2,2,2,2,2,2,2,2,2,2,2,2,2,2,2,2,2,2,2,2,2,2,2,2,2,2,2,2,2,2,2,2,2,2,2,2,2,2,2,2,2,2,2,2,2,2,2,2,2,2,2,2,2,2,2,2,2,2,2,2,2,2,2,2,2,2,2,2,2,2,2,2,2,2,2,2,2,2,2,2,2,2,2,2,2,2,2,2,2,2,2,2,2,2,2,2,2,2,2,2,2,2,2,2,2,2,0,2,2,2,2,0,2,2,2,2,2,2,2,2,2,2,2,2,2,2,2,2,2,2,0,2,2,2,2,2,2,2,2,2,2,2,2,2,2,2,2,2,2,2,2,2,2,2,2,0,2,2,2,2,2,2,2,2,2,2,2,2,2,2,2,2,2,2,2,2,2,2,2,2,2,2,2,2,2,2,2,2,2,2,2,2,2
PRT,5,5,8,5,8,8,8,4,8,8,8,8,8,8,5,8,8,8,5,4,8,8,8,8,8,8,5,8,8,8,8,8,8,8,8,8,8,8,5,4,8,8,8,8,8,8,5,8,8,8,8,8,5,8,8,5,8,8,8,4,8,8,5,8,8,8,5,4,8,5,8,8,8,8,8,8,8,8,8,8,8,8,8,8,8,8,8,8,8,8,8,8,5,5,8,8,8,5,5,8,5,5,8,8,8,8,8,8,0,8,5,8,8,2,5,8,8,8,4,8,8,8,8,8,8,8,8,5,8,8,8,8,0,8,5,8,8,8,8,5,8,8,2,8,8,5,8,8,8,8,8,8,8,8,5,8,8,0,2,8,2,8,5,8,8,8,8,5,8,5,8,8,8,4,4,8,8,8,8,4,8,8,8,8,8,5,5,8,8,4,8,8,8,8,8
PRY,5,5,8,5,8,8,8,4,8,8,8,8,8,8,5,8,8,8,5,4,8,8,8,8,8,8,5,8,8,8,8,8,8,8,8,8,8,8,5,4,8,8,8,8,8,8,5,8,8,8,8,8,5,8,8,5,8,8,8,4,8,8,5,8,8,8,5,4,8,5,8,8,8,8,8,8,8,8,8,8,8,8,8,8,8,8,8,8,8,8,8,8,5,5,8,8,8,5,5,8,5,5,8,8,8,8,8,8,0,8,5,8,8,2,5,8,8,8,4,8,8,8,8,8,8,8,8,5,8,8,8,8,0,8,5,8,8,8,8,5,8,8,2,8,8,5,8,8,8,8,8,8,8,8,5,8,8,0,2,8,2,8,5,8,8,8,8,5,8,5,8,8,8,4,4,8,8,8,8,4,8,8,8,8,8,5,5,8,8,4,8,8,8,8,8
PSE,3,5,5,5,5,5,5,4,5,5,5,5,5,5,5,5,5,5,5,4,5,5,5,5,5,5,5,5,5,5,5,5,5,5,5,5,5,5,5,4,5,5,5,5,5,5,5,5,5,5,5,5,5,5,5,5,5,5,5,4,5,5,5,5,5,5,5,4,5,5,5,5,5,5,5,5,5,5,5,5,5,5,5,5,5,5,5,5,5,5,5,5,5,5,5,5,5,5,4,5,5,4,5,5,5,5,5,5,0,5,5,5,5,2,5,5,5,5,4,5,5,5,5,5,5,5,5,5,5,5,5,5,0,5,5,5,5,5,5,4,5,5,2,5,5,5,5,5,5,5,5,5,5,5,5,5,5,0,2,5,2,5,5,5,5,5,5,5,5,5,5,5,5,4,4,5,5,5,5,4,5,5,5,5,5,5,5,5,5,4,5,5,5,5,5
QAT,5,5,8,5,8,8,8,4,8,8,8,8,8,8,5,8,8,8,5,4,8,8,8,8,8,8,5,8,8,8,8,8,8,8,8,8,8,8,5,4,8,8,8,8,8,8,5,8,8,8,8,8,5,8,8,5,8,8,8,4,8,8,5,8,8,8,5,4,8,5,8,8,8,8,8,8,8,8,8,8,8,8,8,8,8,8,8,8,8,8,8,8,5,5,8,8,8,5,5,8,5,5,8,8,8,8,8,8,0,8,5,8,8,2,5,8,8,8,4,8,8,8,8,8,8,8,8,5,8,8,8,8,0,8,5,8,8,8,8,5,8,8,2,8,8,5,8,8,8,8,8,8,8,8,5,8,8,0,2,8,2,8,5,8,8,8,8,5,8,5,8,8,8,4,4,8,8,8,8,4,8,8,8,8,8,5,5,8,8,4,8,8,8,8,8
ROU,5,5,8,5,8,8,8,4,8,8,8,8,8,8,5,8,8,8,5,4,8,8,8,8,8,8,5,8,8,8,8,8,8,8,8,8,8,8,5,4,8,8,8,8,8,8,5,8,8,8,8,8,5,8,8,5,8,8,8,4,8,8,5,8,8,8,5,4,8,5,8,8,8,8,8,8,8,8,8,8,8,8,8,8,8,8,8,8,8,8,8,8,5,5,8,8,8,5,5,8,5,5,8,8,8,8,8,8,0,8,5,8,8,2,5,8,8,8,4,8,8,8,8,8,8,8,8,5,8,8,8,8,0,8,5,8,8,8,8,5,8,8,2,8,8,5,8,8,8,8,8,8,8,8,5,8,8,0,2,8,2,8,5,8,8,8,8,5,8,5,8,8,8,4,4,8,8,8,8,4,8,8,8,8,8,5,5,8,8,4,8,8,8,8,8
RUS,5,5,8,5,8,8,8,4,8,8,8,8,8,8,5,8,8,8,5,4,8,8,8,8,8,8,5,8,8,8,8,8,8,8,8,8,8,8,5,4,8,8,8,8,8,8,5,8,8,8,8,8,5,8,8,5,8,8,8,4,8,8,5,8,8,8,5,4,8,5,8,8,8,8,8,8,8,8,8,8,8,8,8,8,8,8,8,8,8,8,8,8,5,5,8,8,8,5,5,8,5,5,8,8,8,8,8,8,0,8,5,8,8,2,5,8,8,8,4,8,8,8,8,8,8,8,8,5,8,8,8,8,0,8,5,8,8,8,8,5,8,8,2,8,8,5,8,8,8,8,8,8,8,8,5,8,8,0,2,8,2,8,5,8,8,8,8,5,8,5,8,8,8,4,4,8,8,8,8,4,8,8,8,8,8,5,5,8,8,4,8,8,8,8,8
RWA,5,5,8,5,8,8,8,4,8,8,8,8,8,8,5,8,8,8,5,4,8,8,8,8,8,8,5,8,8,8,8,8,8,8,8,8,8,8,5,4,8,8,8,8,8,8,5,8,8,8,8,8,5,8,8,5,8,8,8,4,8,8,5,8,8,8,5,4,8,5,8,8,8,8,8,8,8,8,8,8,8,8,8,8,8,8,8,8,8,8,8,8,5,5,8,8,8,5,5,8,5,5,8,8,8,8,8,8,0,8,5,8,8,2,5,8,8,8,4,8,8,8,8,8,8,8,8,5,8,8,8,8,0,8,5,8,8,8,8,5,8,8,2,8,8,5,8,8,8,8,8,8,8,8,5,8,8,0,2,8,2,8,5,8,8,8,8,5,8,5,8,8,8,4,4,8,8,8,8,4,8,8,8,8,8,5,5,8,8,4,8,8,8,8,8
SAU,5,5,8,5,8,8,8,4,8,8,8,8,8,8,5,8,8,8,5,4,8,8,8,8,8,8,5,8,8,8,8,8,8,8,8,8,8,8,5,4,8,8,8,8,8,8,5,8,8,8,8,8,5,8,8,5,8,8,8,4,8,8,5,8,8,8,5,4,8,5,8,8,8,8,8,8,8,8,8,8,8,8,8,8,8,8,8,8,8,8,8,8,5,5,8,8,8,5,5,8,5,5,8,8,8,8,8,8,0,8,5,8,8,2,5,8,8,8,4,8,8,8,8,8,8,8,8,5,8,8,8,8,0,8,5,8,8,8,8,5,8,8,2,8,8,5,8,8,8,8,8,8,8,8,5,8,8,0,2,8,2,8,5,8,8,8,8,5,8,5,8,8,8,4,4,8,8,8,8,4,8,8,8,8,8,5,5,8,8,4,8,8,8,8,8
SDN,5,5,8,5,8,8,8,4,8,8,8,8,8,8,5,8,8,8,5,4,8,8,8,8,8,8,5,8,8,8,8,8,8,8,8,8,8,8,5,4,8,8,8,8,8,8,5,8,8,8,8,8,5,8,8,5,8,8,8,4,8,8,5,8,8,8,5,4,8,5,8,8,8,8,8,8,8,8,8,8,8,8,8,8,8,8,8,8,8,8,8,8,5,5,8,8,8,5,5,8,5,5,8,8,8,8,8,8,0,8,5,8,8,2,5,8,8,8,4,8,8,8,8,8,8,8,8,5,8,8,8,8,0,8,5,8,8,8,8,5,8,8,2,8,8,5,8,8,8,8,8,8,8,8,5,8,8,0,2,8,2,8,5,8,8,8,8,5,8,5,8,8,8,4,4,8,8,8,8,4,8,8,8,8,8,5,5,8,8,4,8,8,8,8,8
SEN,5,5,8,5,8,8,8,4,8,8,8,8,8,8,5,8,8,8,5,4,8,8,8,8,8,8,5,8,8,8,8,8,8,8,8,8,8,8,5,4,8,8,8,8,8,8,5,8,8,8,8,8,5,8,8,5,8,8,8,4,8,8,5,8,8,8,5,4,8,5,8,8,8,8,8,8,8,8,8,8,8,8,8,8,8,8,8,8,8,8,8,8,5,5,8,8,8,5,5,8,5,5,8,8,8,8,8,8,0,8,5,8,8,2,5,8,8,8,4,8,8,8,8,8,8,8,8,5,8,8,8,8,0,8,5,8,8,8,8,5,8,8,2,8,8,5,8,8,8,8,8,8,8,8,5,8,8,0,2,8,2,8,5,8,8,8,8,5,8,5,8,8,8,4,4,8,8,8,8,4,8,8,8,8,8,5,5,8,8,4,8,8,8,8,8
SGP,5,5,8,5,8,8,8,4,8,8,8,8,8,8,5,8,8,8,5,4,8,8,8,8,8,8,5,8,8,8,8,8,8,8,8,8,8,8,5,4,8,8,8,8,8,8,5,8,8,8,8,8,5,8,8,5,8,8,8,4,8,8,5,8,8,8,5,4,8,5,8,8,8,8,8,8,8,8,8,8,8,8,8,8,8,8,8,8,8,8,8,8,5,5,8,8,8,5,5,8,5,5,8,8,8,8,8,8,0,8,5,8,8,2,5,8,8,8,4,8,8,8,8,8,8,8,8,5,8,8,8,8,0,8,5,8,8,8,8,5,8,8,2,8,8,5,8,8,8,8,8,8,8,8,5,8,8,0,2,8,2,8,5,8,8,8,8,5,8,5,8,8,8,4,4,8,8,8,8,4,8,8,8,8,8,5,5,8,8,4,8,8,8,8,8
SLB,3,5,5,5,5,5,5,4,5,5,5,5,5,5,5,5,5,5,5,4,5,5,5,5,5,5,5,5,5,5,5,5,5,5,5,5,5,5,5,4,5,5,5,5,5,5,5,5,5,5,5,5,5,5,5,5,5,5,5,4,5,5,5,5,5,5,5,4,5,5,5,5,5,5,5,5,5,5,5,5,5,5,5,5,5,5,5,5,5,5,5,5,5,5,5,5,5,5,4,5,5,4,5,5,5,5,5,5,0,5,5,5,5,2,5,5,5,5,4,5,5,5,5,5,5,5,5,5,5,5,5,5,0,5,5,5,5,5,5,4,5,5,2,5,5,5,5,5,5,5,5,5,5,5,5,5,5,0,2,5,2,5,5,5,5,5,5,5,5,5,5,5,5,4,4,5,5,5,5,4,5,5,5,5,5,5,5,5,5,4,5,5,5,5,5
SLE,5,5,8,5,8,8,8,4,8,8,8,8,8,8,5,8,8,8,5,4,8,8,8,8,8,8,5,8,8,8,8,8,8,8,8,8,8,8,5,4,8,8,8,8,8,8,5,8,8,8,8,8,5,8,8,5,8,8,8,4,8,8,5,8,8,8,5,4,8,5,8,8,8,8,8,8,8,8,8,8,8,8,8,8,8,8,8,8,8,8,8,8,5,5,8,8,8,5,5,8,5,5,8,8,8,8,8,8,0,8,5,8,8,2,5,8,8,8,4,8,8,8,8,8,8,8,8,5,8,8,8,8,0,8,5,8,8,8,8,5,8,8,2,8,8,5,8,8,8,8,8,8,8,8,5,8,8,0,2,8,2,8,5,8,8,8,8,5,8,5,8,8,8,4,4,8,8,8,8,4,8,8,8,8,8,5,5,8,8,4,8,8,8,8,8
SLV,5,5,8,5,8,8,8,4,8,8,8,8,8,8,5,8,8,8,5,4,8,8,8,8,8,8,5,8,8,8,8,8,8,8,8,8,8,8,5,4,8,8,8,8,8,8,5,8,8,8,8,8,5,8,8,5,8,8,8,4,8,8,5,8,8,8,5,4,8,5,8,8,8,8,8,8,8,8,8,8,8,8,8,8,8,8,8,8,8,8,8,8,5,5,8,8,8,5,5,8,5,5,8,8,8,8,8,8,0,8,5,8,8,2,5,8,8,8,4,8,8,8,8,8,8,8,8,5,8,8,8,8,0,8,5,8,8,8,8,5,8,8,2,8,8,5,8,8,8,8,8,8,8,8,5,8,8,0,2,8,2,8,5,8,8,8,8,5,8,5,8,8,8,4,4,8,8,8,8,4,8,8,8,8,8,5,5,8,8,4,8,8,8,8,8
SMR,0,0,0,0,0,0,0,0,0,0,0,0,0,0,0,0,0,0,0,0,0,0,0,0,0,0,0,0,0,0,0,0,0,0,0,0,0,0,0,0,0,0,0,0,0,0,0,0,0,0,0,0,0,0,0,0,0,0,0,0,0,0,0,0,0,0,0,0,0,0,0,0,0,0,0,0,0,0,0,0,0,0,0,0,0,0,0,0,0,0,0,0,0,0,0,0,0,0,0,0,0,0,0,0,0,0,0,0,0,0,0,0,0,0,0,0,0,0,0,0,0,0,0,0,0,0,0,0,0,0,0,0,0,0,0,0,0,0,0,0,0,0,0,0,0,0,0,0,0,0,0,0,0,0,0,0,0,0,0,0,0,0,0,0,0,0,0,0,0,0,0,0,0,0,0,0,0,0,0,0,0,0,0,0,0,0,0,0,0,0,0,0,0,0,0
SOM,2,2,2,2,2,2,2,2,2,2,2,2,2,2,2,2,2,2,2,2,2,2,2,2,2,2,2,2,2,2,2,2,2,2,2,2,2,2,2,2,2,2,2,2,2,2,2,2,2,2,2,2,2,2,2,2,2,2,2,2,2,2,2,2,2,2,2,2,2,2,2,2,2,2,2,2,2,2,2,2,2,2,2,2,2,2,2,2,2,2,2,2,2,2,2,2,2,2,2,2,2,2,2,2,2,2,2,2,0,2,2,2,2,0,2,2,2,2,2,2,2,2,2,2,2,2,2,2,2,2,2,2,0,2,2,2,2,2,2,2,2,2,2,2,2,2,2,2,2,2,2,2,2,2,2,2,2,0,2,2,2,2,2,2,2,2,2,2,2,2,2,2,2,2,2,2,2,2,2,2,2,2,2,2,2,2,2,2,2,2,2,2,2,2,2
SRB,5,5,8,5,8,8,8,4,8,8,8,8,8,8,5,8,8,8,5,4,8,8,8,8,8,8,5,8,8,8,8,8,8,8,8,8,8,8,5,4,8,8,8,8,8,8,5,8,8,8,8,8,5,8,8,5,8,8,8,4,8,8,5,8,8,8,5,4,8,5,8,8,8,8,8,8,8,8,8,8,8,8,8,8,8,8,8,8,8,8,8,8,5,5,8,8,8,5,5,8,5,5,8,8,8,8,8,8,0,8,5,8,8,2,5,8,8,8,4,8,8,8,8,8,8,8,8,5,8,8,8,8,0,8,5,8,8,8,8,5,8,8,2,8,8,5,8,8,8,8,8,8,8,8,5,8,8,0,2,8,2,8,5,8,8,8,8,5,8,5,8,8,8,4,4,8,8,8,8,4,8,8,8,8,8,5,5,8,8,4,8,8,8,8,8
SSD,2,2,2,2,2,2,2,2,2,2,2,2,2,2,2,2,2,2,2,2,2,2,2,2,2,2,2,2,2,2,2,2,2,2,2,2,2,2,2,2,2,2,2,2,2,2,2,2,2,2,2,2,2,2,2,2,2,2,2,2,2,2,2,2,2,2,2,2,2,2,2,2,2,2,2,2,2,2,2,2,2,2,2,2,2,2,2,2,2,2,2,2,2,2,2,2,2,2,2,2,2,2,2,2,2,2,2,2,0,2,2,2,2,0,2,2,2,2,2,2,2,2,2,2,2,2,2,2,2,2,2,2,0,2,2,2,2,2,2,2,2,2,2,2,2,2,2,2,2,2,2,2,2,2,2,2,2,0,2,2,2,2,2,2,2,2,2,2,2,2,2,2,2,2,2,2,2,2,2,2,2,2,2,2,2,2,2,2,2,2,2,2,2,2,2
STP,5,5,8,5,8,8,8,4,8,8,8,8,8,8,5,8,8,8,5,4,8,8,8,8,8,8,5,8,8,8,8,8,8,8,8,8,8,8,5,4,8,8,8,8,8,8,5,8,8,8,8,8,5,8,8,5,8,8,8,4,8,8,5,8,8,8,5,4,8,5,8,8,8,8,8,8,8,8,8,8,8,8,8,8,8,8,8,8,8,8,8,8,5,5,8,8,8,5,5,8,5,5,8,8,8,8,8,8,0,8,5,8,8,2,5,8,8,8,4,8,8,8,8,8,8,8,8,5,8,8,8,8,0,8,5,8,8,8,8,5,8,8,2,8,8,5,8,8,8,8,8,8,8,8,5,8,8,0,2,8,2,8,5,8,8,8,8,5,8,5,8,8,8,4,4,8,8,8,8,4,8,8,8,8,8,5,5,8,8,4,8,8,8,8,8
SUR,3,5,5,5,5,5,5,4,5,5,5,5,5,5,5,5,5,5,5,4,5,5,5,5,5,5,5,5,5,5,5,5,5,5,5,5,5,5,5,4,5,5,5,5,5,5,5,5,5,5,5,5,5,5,5,5,5,5,5,4,5,5,5,5,5,5,5,4,5,5,5,5,5,5,5,5,5,5,5,5,5,5,5,5,5,5,5,5,5,5,5,5,5,5,5,5,5,5,4,5,5,4,5,5,5,5,5,5,0,5,5,5,5,2,5,5,5,5,4,5,5,5,5,5,5,5,5,5,5,5,5,5,0,5,5,5,5,5,5,4,5,5,2,5,5,5,5,5,5,5,5,5,5,5,5,5,5,0,2,5,2,5,5,5,5,5,5,5,5,5,5,5,5,4,4,5,5,5,5,4,5,5,5,5,5,5,5,5,5,4,5,5,5,5,5
SVK,5,5,8,5,8,8,8,4,8,8,8,8,8,8,5,8,8,8,5,4,8,8,8,8,8,8,5,8,8,8,8,8,8,8,8,8,8,8,5,4,8,8,8,8,8,8,5,8,8,8,8,8,5,8,8,5,8,8,8,4,8,8,5,8,8,8,5,4,8,5,8,8,8,8,8,8,8,8,8,8,8,8,8,8,8,8,8,8,8,8,8,8,5,5,8,8,8,5,5,8,5,5,8,8,8,8,8,8,0,8,5,8,8,2,5,8,8,8,4,8,8,8,8,8,8,8,8,5,8,8,8,8,0,8,5,8,8,8,8,5,8,8,2,8,8,5,8,8,8,8,8,8,8,8,5,8,8,0,2,8,2,8,5,8,8,8,8,5,8,5,8,8,8,4,4,8,8,8,8,4,8,8,8,8,8,5,5,8,8,4,8,8,8,8,8
SVN,5,5,8,5,8,8,8,4,8,8,8,8,8,8,5,8,8,8,5,4,8,8,8,8,8,8,5,8,8,8,8,8,8,8,8,8,8,8,5,4,8,8,8,8,8,8,5,8,8,8,8,8,5,8,8,5,8,8,8,4,8,8,5,8,8,8,5,4,8,5,8,8,8,8,8,8,8,8,8,8,8,8,8,8,8,8,8,8,8,8,8,8,5,5,8,8,8,5,5,8,5,5,8,8,8,8,8,8,0,8,5,8,8,2,5,8,8,8,4,8,8,8,8,8,8,8,8,5,8,8,8,8,0,8,5,8,8,8,8,5,8,8,2,8,8,5,8,8,8,8,8,8,8,8,5,8,8,0,2,8,2,8,5,8,8,8,8,5,8,5,8,8,8,4,4,8,8,8,8,4,8,8,8,8,8,5,5,8,8,4,8,8,8,8,8
SWE,5,5,8,5,8,8,8,4,8,8,8,8,8,8,5,8,8,8,5,4,8,8,8,8,8,8,5,8,8,8,8,8,8,8,8,8,8,8,5,4,8,8,8,8,8,8,5,8,8,8,8,8,5,8,8,5,8,8,8,4,8,8,5,8,8,8,5,4,8,5,8,8,8,8,8,8,8,8,8,8,8,8,8,8,8,8,8,8,8,8,8,8,5,5,8,8,8,5,5,8,5,5,8,8,8,8,8,8,0,8,5,8,8,2,5,8,8,8,4,8,8,8,8,8,8,8,8,5,8,8,8,8,0,8,5,8,8,8,8,5,8,8,2,8,8,5,8,8,8,8,8,8,8,8,5,8,8,0,2,8,2,8,5,8,8,8,8,5,8,5,8,8,8,4,4,8,8,8,8,4,8,8,8,8,8,5,5,8,8,4,8,8,8,8,8
SWZ,5,5,8,5,8,8,8,4,8,8,8,8,8,8,5,8,8,8,5,4,8,8,8,8,8,8,5,8,8,8,8,8,8,8,8,8,8,8,5,4,8,8,8,8,8,8,5,8,8,8,8,8,5,8,8,5,8,8,8,4,8,8,5,8,8,8,5,4,8,5,8,8,8,8,8,8,8,8,8,8,8,8,8,8,8,8,8,8,8,8,8,8,5,5,8,8,8,5,5,8,5,5,8,8,8,8,8,8,0,8,5,8,8,2,5,8,8,8,4,8,8,8,8,8,8,8,8,5,8,8,8,8,0,8,5,8,8,8,8,5,8,8,2,8,8,5,8,8,8,8,8,8,8,8,5,8,8,0,2,8,2,8,5,8,8,8,8,5,8,5,8,8,8,4,4,8,8,8,8,4,8,8,8,8,8,5,5,8,8,4,8,8,8,8,8
SYC,3,5,5,5,5,5,5,4,5,5,5,5,5,5,5,5,5,5,5,4,5,5,5,5,5,5,5,5,5,5,5,5,5,5,5,5,5,5,5,4,5,5,5,5,5,5,5,5,5,5,5,5,5,5,5,5,5,5,5,4,5,5,5,5,5,5,5,4,5,5,5,5,5,5,5,5,5,5,5,5,5,5,5,5,5,5,5,5,5,5,5,5,5,5,5,5,5,5,4,5,5,4,5,5,5,5,5,5,0,5,5,5,5,2,5,5,5,5,4,5,5,5,5,5,5,5,5,5,5,5,5,5,0,5,5,5,5,5,5,4,5,5,2,5,5,5,5,5,5,5,5,5,5,5,5,5,5,0,2,5,2,5,5,5,5,5,5,5,5,5,5,5,5,4,4,5,5,5,5,4,5,5,5,5,5,5,5,5,5,4,5,5,5,5,5
SYR,5,5,8,5,8,8,8,4,8,8,8,8,8,8,5,8,8,8,5,4,8,8,8,8,8,8,5,8,8,8,8,8,8,8,8,8,8,8,5,4,8,8,8,8,8,8,5,8,8,8,8,8,5,8,8,5,8,8,8,4,8,8,5,8,8,8,5,4,8,5,8,8,8,8,8,8,8,8,8,8,8,8,8,8,8,8,8,8,8,8,8,8,5,5,8,8,8,5,5,8,5,5,8,8,8,8,8,8,0,8,5,8,8,2,5,8,8,8,4,8,8,8,8,8,8,8,8,5,8,8,8,8,0,8,5,8,8,8,8,5,8,8,2,8,8,5,8,8,8,8,8,8,8,8,5,8,8,0,2,8,2,8,5,8,8,8,8,5,8,5,8,8,8,4,4,8,8,8,8,4,8,8,8,8,8,5,5,8,8,4,8,8,8,8,8
TCD,3,5,5,5,5,5,5,4,5,5,5,5,5,5,5,5,5,5,5,4,5,5,5,5,5,5,5,5,5,5,5,5,5,5,5,5,5,5,5,4,5,5,5,5,5,5,5,5,5,5,5,5,5,5,5,5,5,5,5,4,5,5,5,5,5,5,5,4,5,5,5,5,5,5,5,5,5,5,5,5,5,5,5,5,5,5,5,5,5,5,5,5,5,5,5,5,5,5,4,5,5,4,5,5,5,5,5,5,0,5,5,5,5,2,5,5,5,5,4,5,5,5,5,5,5,5,5,5,5,5,5,5,0,5,5,5,5,5,5,4,5,5,2,5,5,5,5,5,5,5,5,5,5,5,5,5,5,0,2,5,2,5,5,5,5,5,5,5,5,5,5,5,5,4,4,5,5,5,5,4,5,5,5,5,5,5,5,5,5,4,5,5,5,5,5
TGO,5,5,8,5,8,8,8,4,8,8,8,8,8,8,5,8,8,8,5,4,8,8,8,8,8,8,5,8,8,8,8,8,8,8,8,8,8,8,5,4,8,8,8,8,8,8,5,8,8,8,8,8,5,8,8,5,8,8,8,4,8,8,5,8,8,8,5,4,8,5,8,8,8,8,8,8,8,8,8,8,8,8,8,8,8,8,8,8,8,8,8,8,5,5,8,8,8,5,5,8,5,5,8,8,8,8,8,8,0,8,5,8,8,2,5,8,8,8,4,8,8,8,8,8,8,8,8,5,8,8,8,8,0,8,5,8,8,8,8,5,8,8,2,8,8,5,8,8,8,8,8,8,8,8,5,8,8,0,2,8,2,8,5,8,8,8,8,5,8,5,8,8,8,4,4,8,8,8,8,4,8,8,8,8,8,5,5,8,8,4,8,8,8,8,8
THA,5,5,8,5,8,8,8,4,8,8,8,8,8,8,5,8,8,8,5,4,8,8,8,8,8,8,5,8,8,8,8,8,8,8,8,8,8,8,5,4,8,8,8,8,8,8,5,8,8,8,8,8,5,8,8,5,8,8,8,4,8,8,5,8,8,8,5,4,8,5,8,8,8,8,8,8,8,8,8,8,8,8,8,8,8,8,8,8,8,8,8,8,5,5,8,8,8,5,5,8,5,5,8,8,8,8,8,8,0,8,5,8,8,2,5,8,8,8,4,8,8,8,8,8,8,8,8,5,8,8,8,8,0,8,5,8,8,8,8,5,8,8,2,8,8,5,8,8,8,8,8,8,8,8,5,8,8,0,2,8,2,8,5,8,8,8,8,5,8,5,8,8,8,4,4,8,8,8,8,4,8,8,8,8,8,5,5,8,8,4,8,8,8,8,8
TJK,5,5,8,5,8,8,8,4,8,8,8,8,8,8,5,8,8,8,5,4,8,8,8,8,8,8,5,8,8,8,8,8,8,8,8,8,8,8,5,4,8,8,8,8,8,8,5,8,8,8,8,8,5,8,8,5,8,8,8,4,8,8,5,8,8,8,5,4,8,5,8,8,8,8,8,8,8,8,8,8,8,8,8,8,8,8,8,8,8,8,8,8,5,5,8,8,8,5,5,8,5,5,8,8,8,8,8,8,0,8,5,8,8,2,5,8,8,8,4,8,8,8,8,8,8,8,8,5,8,8,8,8,0,8,5,8,8,8,8,5,8,8,2,8,8,5,8,8,8,8,8,8,8,8,5,8,8,0,2,8,2,8,5,8,8,8,8,5,8,5,8,8,8,4,4,8,8,8,8,4,8,8,8,8,8,5,5,8,8,4,8,8,8,8,8
TKM,2,4,4,4,4,4,4,4,4,4,4,4,4,4,4,4,4,4,4,4,4,4,4,4,4,4,4,4,4,4,4,4,4,4,4,4,4,4,4,4,4,4,4,4,4,4,4,4,4,4,4,4,4,4,4,4,4,4,4,4,4,4,4,4,4,4,4,4,4,4,4,4,4,4,4,4,4,4,4,4,4,4,4,4,4,4,4,4,4,4,4,4,4,4,4,4,4,4,4,4,4,4,4,4,4,4,4,4,0,4,4,4,4,2,4,4,4,4,4,4,4,4,4,4,4,4,4,4,4,4,4,4,0,4,4,4,4,4,4,4,4,4,2,4,4,4,4,4,4,4,4,4,4,4,4,4,4,0,2,4,2,4,4,4,4,4,4,4,4,4,4,4,4,4,4,4,4,4,4,4,4,4,4,4,4,4,4,4,4,4,4,4,4,4,4
TLS,2,4,4,4,4,4,4,4,4,4,4,4,4,4,4,4,4,4,4,4,4,4,4,4,4,4,4,4,4,4,4,4,4,4,4,4,4,4,4,4,4,4,4,4,4,4,4,4,4,4,4,4,4,4,4,4,4,4,4,4,4,4,4,4,4,4,4,4,4,4,4,4,4,4,4,4,4,4,4,4,4,4,4,4,4,4,4,4,4,4,4,4,4,4,4,4,4,4,4,4,4,4,4,4,4,4,4,4,0,4,4,4,4,2,4,4,4,4,4,4,4,4,4,4,4,4,4,4,4,4,4,4,0,4,4,4,4,4,4,4,4,4,2,4,4,4,4,4,4,4,4,4,4,4,4,4,4,0,2,4,2,4,4,4,4,4,4,4,4,4,4,4,4,4,4,4,4,4,4,4,4,4,4,4,4,4,4,4,4,4,4,4,4,4,4
TON,5,5,8,5,8,8,8,4,8,8,8,8,8,8,5,8,8,8,5,4,8,8,8,8,8,8,5,8,8,8,8,8,8,8,8,8,8,8,5,4,8,8,8,8,8,8,5,8,8,8,8,8,5,8,8,5,8,8,8,4,8,8,5,8,8,8,5,4,8,5,8,8,8,8,8,8,8,8,8,8,8,8,8,8,8,8,8,8,8,8,8,8,5,5,8,8,8,5,5,8,5,5,8,8,8,8,8,8,0,8,5,8,8,2,5,8,8,8,4,8,8,8,8,8,8,8,8,5,8,8,8,8,0,8,5,8,8,8,8,5,8,8,2,8,8,5,8,8,8,8,8,8,8,8,5,8,8,0,2,8,2,8,5,8,8,8,8,5,8,5,8,8,8,4,4,8,8,8,8,4,8,8,8,8,8,5,5,8,8,4,8,8,8,8,8
TTO,5,5,8,5,8,8,8,4,8,8,8,8,8,8,5,8,8,8,5,4,8,8,8,8,8,8,5,8,8,8,8,8,8,8,8,8,8,8,5,4,8,8,8,8,8,8,5,8,8,8,8,8,5,8,8,5,8,8,8,4,8,8,5,8,8,8,5,4,8,5,8,8,8,8,8,8,8,8,8,8,8,8,8,8,8,8,8,8,8,8,8,8,5,5,8,8,8,5,5,8,5,5,8,8,8,8,8,8,0,8,5,8,8,2,5,8,8,8,4,8,8,8,8,8,8,8,8,5,8,8,8,8,0,8,5,8,8,8,8,5,8,8,2,8,8,5,8,8,8,8,8,8,8,8,5,8,8,0,2,8,2,8,5,8,8,8,8,5,8,5,8,8,8,4,4,8,8,8,8,4,8,8,8,8,8,5,5,8,8,4,8,8,8,8,8
TUN,5,5,8,5,8,8,8,4,8,8,8,8,8,8,5,8,8,8,5,4,8,8,8,8,8,8,5,8,8,8,8,8,8,8,8,8,8,8,5,4,8,8,8,8,8,8,5,8,8,8,8,8,5,8,8,5,8,8,8,4,8,8,5,8,8,8,5,4,8,5,8,8,8,8,8,8,8,8,8,8,8,8,8,8,8,8,8,8,8,8,8,8,5,5,8,8,8,5,5,8,5,5,8,8,8,8,8,8,0,8,5,8,8,2,5,8,8,8,4,8,8,8,8,8,8,8,8,5,8,8,8,8,0,8,5,8,8,8,8,5,8,8,2,8,8,5,8,8,8,8,8,8,8,8,5,8,8,0,2,8,2,8,5,8,8,8,8,5,8,5,8,8,8,4,4,8,8,8,8,4,8,8,8,8,8,5,5,8,8,4,8,8,8,8,8
TUR,5,5,8,5,8,8,8,4,8,8,8,8,8,8,5,8,8,8,5,4,8,8,8,8,8,8,5,8,8,8,8,8,8,8,8,8,8,8,5,4,8,8,8,8,8,8,5,8,8,8,8,8,5,8,8,5,8,8,8,4,8,8,5,8,8,8,5,4,8,5,8,8,8,8,8,8,8,8,8,8,8,8,8,8,8,8,8,8,8,8,8,8,5,5,8,8,8,5,5,8,5,5,8,8,8,8,8,8,0,8,5,8,8,2,5,8,8,8,4,8,8,8,8,8,8,8,8,5,8,8,8,8,0,8,5,8,8,8,8,5,8,8,2,8,8,5,8,8,8,8,8,8,8,8,5,8,8,0,2,8,2,8,5,8,8,8,8,5,8,5,8,8,8,4,4,8,8,8,8,4,8,8,8,8,8,5,5,8,8,4,8,8,8,8,8
TUV,2,4,4,4,4,4,4,4,4,4,4,4,4,4,4,4,4,4,4,4,4,4,4,4,4,4,4,4,4,4,4,4,4,4,4,4,4,4,4,4,4,4,4,4,4,4,4,4,4,4,4,4,4,4,4,4,4,4,4,4,4,4,4,4,4,4,4,4,4,4,4,4,4,4,4,4,4,4,4,4,4,4,4,4,4,4,4,4,4,4,4,4,4,4,4,4,4,4,4,4,4,4,4,4,4,4,4,4,0,4,4,4,4,2,4,4,4,4,4,4,4,4,4,4,4,4,4,4,4,4,4,4,0,4,4,4,4,4,4,4,4,4,2,4,4,4,4,4,4,4,4,4,4,4,4,4,4,0,2,4,2,4,4,4,4,4,4,4,4,4,4,4,4,4,4,4,4,4,4,4,4,4,4,4,4,4,4,4,4,4,4,4,4,4,4
TZA,5,5,8,5,8,8,8,4,8,8,8,8,8,8,5,8,8,8,5,4,8,8,8,8,8,8,5,8,8,8,8,8,8,8,8,8,8,8,5,4,8,8,8,8,8,8,5,8,8,8,8,8,5,8,8,5,8,8,8,4,8,8,5,8,8,8,5,4,8,5,8,8,8,8,8,8,8,8,8,8,8,8,8,8,8,8,8,8,8,8,8,8,5,5,8,8,8,5,5,8,5,5,8,8,8,8,8,8,0,8,5,8,8,2,5,8,8,8,4,8,8,8,8,8,8,8,8,5,8,8,8,8,0,8,5,8,8,8,8,5,8,8,2,8,8,5,8,8,8,8,8,8,8,8,5,8,8,0,2,8,2,8,5,8,8,8,8,5,8,5,8,8,8,4,4,8,8,8,8,4,8,8,8,8,8,5,5,8,8,4,8,8,8,8,8
UGA,5,5,8,5,8,8,8,4,8,8,8,8,8,8,5,8,8,8,5,4,8,8,8,8,8,8,5,8,8,8,8,8,8,8,8,8,8,8,5,4,8,8,8,8,8,8,5,8,8,8,8,8,5,8,8,5,8,8,8,4,8,8,5,8,8,8,5,4,8,5,8,8,8,8,8,8,8,8,8,8,8,8,8,8,8,8,8,8,8,8,8,8,5,5,8,8,8,5,5,8,5,5,8,8,8,8,8,8,0,8,5,8,8,2,5,8,8,8,4,8,8,8,8,8,8,8,8,5,8,8,8,8,0,8,5,8,8,8,8,5,8,8,2,8,8,5,8,8,8,8,8,8,8,8,5,8,8,0,2,8,2,8,5,8,8,8,8,5,8,5,8,8,8,4,4,8,8,8,8,4,8,8,8,8,8,5,5,8,8,4,8,8,8,8,8
UKR,5,5,8,5,8,8,8,4,8,8,8,8,8,8,5,8,8,8,5,4,8,8,8,8,8,8,5,8,8,8,8,8,8,8,8,8,8,8,5,4,8,8,8,8,8,8,5,8,8,8,8,8,5,8,8,5,8,8,8,4,8,8,5,8,8,8,5,4,8,5,8,8,8,8,8,8,8,8,8,8,8,8,8,8,8,8,8,8,8,8,8,8,5,5,8,8,8,5,5,8,5,5,8,8,8,8,8,8,0,8,5,8,8,2,5,8,8,8,4,8,8,8,8,8,8,8,8,5,8,8,8,8,0,8,5,8,8,8,8,5,8,8,2,8,8,5,8,8,8,8,8,8,8,8,5,8,8,0,2,8,2,8,5,8,8,8,8,5,8,5,8,8,8,4,4,8,8,8,8,4,8,8,8,8,8,5,5,8,8,4,8,8,8,8,8
URY,5,5,8,5,8,8,8,4,8,8,8,8,8,8,5,8,8,8,5,4,8,8,8,8,8,8,5,8,8,8,8,8,8,8,8,8,8,8,5,4,8,8,8,8,8,8,5,8,8,8,8,8,5,8,8,5,8,8,8,4,8,8,5,8,8,8,5,4,8,5,8,8,8,8,8,8,8,8,8,8,8,8,8,8,8,8,8,8,8,8,8,8,5,5,8,8,8,5,5,8,5,5,8,8,8,8,8,8,0,8,5,8,8,2,5,8,8,8,4,8,8,8,8,8,8,8,8,5,8,8,8,8,0,8,5,8,8,8,8,5,8,8,2,8,8,5,8,8,8,8,8,8,8,8,5,8,8,0,2,8,2,8,5,8,8,8,8,5,8,5,8,8,8,4,4,8,8,8,8,4,8,8,8,8,8,5,5,8,8,4,8,8,8,8,8
USA,5,5,8,5,8,8,8,4,8,8,8,8,8,8,5,8,8,8,5,4,8,8,8,8,8,8,5,8,8,8,8,8,8,8,8,8,8,8,5,4,8,8,8,8,8,8,5,8,8,8,8,8,5,8,8,5,8,8,8,4,8,8,5,8,8,8,5,4,8,5,8,8,8,8,8,8,8,8,8,8,8,8,8,8,8,8,8,8,8,8,8,8,5,5,8,8,8,5,5,8,5,5,8,8,8,8,8,8,0,8,5,8,8,2,5,8,8,8,4,8,8,8,8,8,8,8,8,5,8,8,8,8,0,8,5,8,8,8,8,5,8,8,2,8,8,5,8,8,8,8,8,8,8,8,5,8,8,0,2,8,2,8,5,8,8,8,8,5,8,5,8,8,8,4,4,8,8,8,8,4,8,8,8,8,8,5,5,8,8,4,8,8,8,8,8
UZB,3,5,5,5,5,5,5,4,5,5,5,5,5,5,5,5,5,5,5,4,5,5,5,5,5,5,5,5,5,5,5,5,5,5,5,5,5,5,5,4,5,5,5,5,5,5,5,5,5,5,5,5,5,5,5,5,5,5,5,4,5,5,5,5,5,5,5,4,5,5,5,5,5,5,5,5,5,5,5,5,5,5,5,5,5,5,5,5,5,5,5,5,5,5,5,5,5,5,4,5,5,4,5,5,5,5,5,5,0,5,5,5,5,2,5,5,5,5,4,5,5,5,5,5,5,5,5,5,5,5,5,5,0,5,5,5,5,5,5,4,5,5,2,5,5,5,5,5,5,5,5,5,5,5,5,5,5,0,2,5,2,5,5,5,5,5,5,5,5,5,5,5,5,4,4,5,5,5,5,4,5,5,5,5,5,5,5,5,5,4,5,5,5,5,5
VCT,3,5,5,5,5,5,5,4,5,5,5,5,5,5,5,5,5,5,5,4,5,5,5,5,5,5,5,5,5,5,5,5,5,5,5,5,5,5,5,4,5,5,5,5,5,5,5,5,5,5,5,5,5,5,5,5,5,5,5,4,5,5,5,5,5,5,5,4,5,5,5,5,5,5,5,5,5,5,5,5,5,5,5,5,5,5,5,5,5,5,5,5,5,5,5,5,5,5,4,5,5,4,5,5,5,5,5,5,0,5,5,5,5,2,5,5,5,5,4,5,5,5,5,5,5,5,5,5,5,5,5,5,0,5,5,5,5,5,5,4,5,5,2,5,5,5,5,5,5,5,5,5,5,5,5,5,5,0,2,5,2,5,5,5,5,5,5,5,5,5,5,5,5,4,4,5,5,5,5,4,5,5,5,5,5,5,5,5,5,4,5,5,5,5,5
VEN,5,5,8,5,8,8,8,4,8,8,8,8,8,8,5,8,8,8,5,4,8,8,8,8,8,8,5,8,8,8,8,8,8,8,8,8,8,8,5,4,8,8,8,8,8,8,5,8,8,8,8,8,5,8,8,5,8,8,8,4,8,8,5,8,8,8,5,4,8,5,8,8,8,8,8,8,8,8,8,8,8,8,8,8,8,8,8,8,8,8,8,8,5,5,8,8,8,5,5,8,5,5,8,8,8,8,8,8,0,8,5,8,8,2,5,8,8,8,4,8,8,8,8,8,8,8,8,5,8,8,8,8,0,8,5,8,8,8,8,5,8,8,2,8,8,5,8,8,8,8,8,8,8,8,5,8,8,0,2,8,2,8,5,8,8,8,8,5,8,5,8,8,8,4,4,8,8,8,8,4,8,8,8,8,8,5,5,8,8,4,8,8,8,8,8
VNM,5,5,8,5,8,8,8,4,8,8,8,8,8,8,5,8,8,8,5,4,8,8,8,8,8,8,5,8,8,8,8,8,8,8,8,8,8,8,5,4,8,8,8,8,8,8,5,8,8,8,8,8,5,8,8,5,8,8,8,4,8,8,5,8,8,8,5,4,8,5,8,8,8,8,8,8,8,8,8,8,8,8,8,8,8,8,8,8,8,8,8,8,5,5,8,8,8,5,5,8,5,5,8,8,8,8,8,8,0,8,5,8,8,2,5,8,8,8,4,8,8,8,8,8,8,8,8,5,8,8,8,8,0,8,5,8,8,8,8,5,8,8,2,8,8,5,8,8,8,8,8,8,8,8,5,8,8,0,2,8,2,8,5,8,8,8,8,5,8,5,8,8,8,4,4,8,8,8,8,4,8,8,8,8,8,5,5,8,8,4,8,8,8,8,8
VUT,2,4,4,4,4,4,4,4,4,4,4,4,4,4,4,4,4,4,4,4,4,4,4,4,4,4,4,4,4,4,4,4,4,4,4,4,4,4,4,4,4,4,4,4,4,4,4,4,4,4,4,4,4,4,4,4,4,4,4,4,4,4,4,4,4,4,4,4,4,4,4,4,4,4,4,4,4,4,4,4,4,4,4,4,4,4,4,4,4,4,4,4,4,4,4,4,4,4,4,4,4,4,4,4,4,4,4,4,0,4,4,4,4,2,4,4,4,4,4,4,4,4,4,4,4,4,4,4,4,4,4,4,0,4,4,4,4,4,4,4,4,4,2,4,4,4,4,4,4,4,4,4,4,4,4,4,4,0,2,4,2,4,4,4,4,4,4,4,4,4,4,4,4,4,4,4,4,4,4,4,4,4,4,4,4,4,4,4,4,4,4,4,4,4,4
WSM,5,5,8,5,8,8,8,4,8,8,8,8,8,8,5,8,8,8,5,4,8,8,8,8,8,8,5,8,8,8,8,8,8,8,8,8,8,8,5,4,8,8,8,8,8,8,5,8,8,8,8,8,5,8,8,5,8,8,8,4,8,8,5,8,8,8,5,4,8,5,8,8,8,8,8,8,8,8,8,8,8,8,8,8,8,8,8,8,8,8,8,8,5,5,8,8,8,5,5,8,5,5,8,8,8,8,8,8,0,8,5,8,8,2,5,8,8,8,4,8,8,8,8,8,8,8,8,5,8,8,8,8,0,8,5,8,8,8,8,5,8,8,2,8,8,5,8,8,8,8,8,8,8,8,5,8,8,0,2,8,2,8,5,8,8,8,8,5,8,5,8,8,8,4,4,8,8,8,8,4,8,8,8,8,8,5,5,8,8,4,8,8,8,8,8
YEM,5,5,8,5,8,8,8,4,8,8,8,8,8,8,5,8,8,8,5,4,8,8,8,8,8,8,5,8,8,8,8,8,8,8,8,8,8,8,5,4,8,8,8,8,8,8,5,8,8,8,8,8,5,8,8,5,8,8,8,4,8,8,5,8,8,8,5,4,8,5,8,8,8,8,8,8,8,8,8,8,8,8,8,8,8,8,8,8,8,8,8,8,5,5,8,8,8,5,5,8,5,5,8,8,8,8,8,8,0,8,5,8,8,2,5,8,8,8,4,8,8,8,8,8,8,8,8,5,8,8,8,8,0,8,5,8,8,8,8,5,8,8,2,8,8,5,8,8,8,8,8,8,8,8,5,8,8,0,2,8,2,8,5,8,8,8,8,5,8,5,8,8,8,4,4,8,8,8,8,4,8,8,8,8,8,5,5,8,8,4,8,8,8,8,8
ZAF,5,5,8,5,8,8,8,4,8,8,8,8,8,8,5,8,8,8,5,4,8,8,8,8,8,8,5,8,8,8,8,8,8,8,8,8,8,8,5,4,8,8,8,8,8,8,5,8,8,8,8,8,5,8,8,5,8,8,8,4,8,8,5,8,8,8,5,4,8,5,8,8,8,8,8,8,8,8,8,8,8,8,8,8,8,8,8,8,8,8,8,8,5,5,8,8,8,5,5,8,5,5,8,8,8,8,8,8,0,8,5,8,8,2,5,8,8,8,4,8,8,8,8,8,8,8,8,5,8,8,8,8,0,8,5,8,8,8,8,5,8,8,2,8,8,5,8,8,8,8,8,8,8,8,5,8,8,0,2,8,2,8,5,8,8,8,8,5,8,5,8,8,8,4,4,8,8,8,8,4,8,8,8,8,8,5,5,8,8,4,8,8,8,8,8
ZMB,5,5,8,5,8,8,8,4,8,8,8,8,8,8,5,8,8,8,5,4,8,8,8,8,8,8,5,8,8,8,8,8,8,8,8,8,8,8,5,4,8,8,8,8,8,8,5,8,8,8,8,8,5,8,8,5,8,8,8,4,8,8,5,8,8,8,5,4,8,5,8,8,8,8,8,8,8,8,8,8,8,8,8,8,8,8,8,8,8,8,8,8,5,5,8,8,8,5,5,8,5,5,8,8,8,8,8,8,0,8,5,8,8,2,5,8,8,8,4,8,8,8,8,8,8,8,8,5,8,8,8,8,0,8,5,8,8,8,8,5,8,8,2,8,8,5,8,8,8,8,8,8,8,8,5,8,8,0,2,8,2,8,5,8,8,8,8,5,8,5,8,8,8,4,4,8,8,8,8,4,8,8,8,8,8,5,5,8,8,4,8,8,8,8,8
ZWE,5,5,8,5,8,8,8,4,8,8,8,8,8,8,5,8,8,8,5,4,8,8,8,8,8,8,5,8,8,8,8,8,8,8,8,8,8,8,5,4,8,8,8,8,8,8,5,8,8,8,8,8,5,8,8,5,8,8,8,4,8,8,5,8,8,8,5,4,8,5,8,8,8,8,8,8,8,8,8,8,8,8,8,8,8,8,8,8,8,8,8,8,5,5,8,8,8,5,5,8,5,5,8,8,8,8,8,8,0,8,5,8,8,2,5,8,8,8,4,8,8,8,8,8,8,8,8,5,8,8,8,8,0,8,5,8,8,8,8,5,8,8,2,8,8,5,8,8,8,8,8,8,8,8,5,8,8,0,2,8,2,8,5,8,8,8,8,5,8,5,8,8,8,4,4,8,8,8,8,4,8,8,8,8,8,5,5,8,8,4,8,8,8,8,8
